id,datatime,temperature,ph,od,ce,tds,s,opr,position
0,2020-07-31 10:02:49.576253-04,17.062,6.997000000000001,0.0,139.4,75,0.0,1020.0,"{'lat': -25.3080784, 'lon': -57.3089882, 'alt': 0.007, 'yaw': 1.268268346786499}"
1,2020-07-31 10:03:01.434884-04,17.062,6.996,0.0,139.8,75,0.0,1020.0,"{'lat': -25.3079363, 'lon': -57.309062, 'alt': 0.027, 'yaw': 1.292271375656128}"
2,2020-07-31 10:03:13.389064-04,17.062,6.997000000000001,0.0,139.4,75,0.0,1020.0,"{'lat': -25.3077949, 'lon': -57.3091294, 'alt': 0.0, 'yaw': 1.332841396331787}"
3,2020-07-31 10:03:25.302225-04,17.062,6.994,0.0,140.0,75,0.0,1020.0,"{'lat': -25.3076496, 'lon': -57.3091906, 'alt': 0.021, 'yaw': 1.301130771636963}"
4,2020-07-31 10:03:37.206686-04,17.125,6.997999999999999,0.0,140.6,75,0.0,1020.0,"{'lat': -25.3075126, 'lon': -57.3092379, 'alt': 0.007, 'yaw': 1.2761367559432983}"
5,2020-07-31 10:03:49.132832-04,17.125,6.997999999999999,0.0,137.4,74,0.0,1020.0,"{'lat': -25.3073487, 'lon': -57.3092779, 'alt': -0.009, 'yaw': 1.2294104099273682}"
6,2020-07-31 10:04:01.042308-04,17.062,6.997000000000001,0.0,137.7,74,0.0,1020.0,"{'lat': -25.3071899, 'lon': -57.3093343, 'alt': -0.025, 'yaw': 1.225642204284668}"
7,2020-07-31 10:04:12.959451-04,17.062,6.997999999999999,0.0,139.7,75,0.0,1020.0,"{'lat': -25.307028, 'lon': -57.3093909, 'alt': 0.002, 'yaw': 1.2299742698669434}"
8,2020-07-31 10:13:06.030413-04,17.5,6.996,0.0,145.5,78,0.0,1020.0,"{'lat': -25.3006786, 'lon': -57.3109259, 'alt': 0.0, 'yaw': 1.0713086128234863}"
9,2020-07-31 10:13:17.951187-04,17.5,7.0,0.0,145.8,78,0.0,1020.0,"{'lat': -25.3005373, 'lon': -57.3109948, 'alt': -0.004, 'yaw': 1.1354007720947266}"
10,2020-07-31 10:13:29.882551-04,17.5,6.999,0.0,145.6,78,0.0,1020.0,"{'lat': -25.3003832, 'lon': -57.3110784, 'alt': 0.02, 'yaw': 1.2190192937850952}"
11,2020-07-31 10:13:41.79661-04,17.5,7.0,0.0,144.4,77,0.0,1020.0,"{'lat': -25.3002643, 'lon': -57.3111271, 'alt': 0.011, 'yaw': 1.2387728691101074}"
12,2020-07-31 10:13:53.716025-04,17.437,7.001,0.0,144.9,78,0.0,1020.0,"{'lat': -25.3001741, 'lon': -57.3111679, 'alt': -0.015, 'yaw': 1.2370091676712036}"
13,2020-07-31 10:14:05.619372-04,17.437,7.0,0.0,143.5,77,0.0,1020.0,"{'lat': -25.3000903, 'lon': -57.3112034, 'alt': 0.036, 'yaw': 1.246267557144165}"
14,2020-07-31 10:14:17.579921-04,17.312,7.0,0.0,142.8,77,0.0,1020.0,"{'lat': -25.3000096, 'lon': -57.311225, 'alt': 0.003, 'yaw': 1.2930984497070312}"
15,2020-07-31 10:14:41.407694-04,17.25,6.999,0.0,142.9,77,0.0,1020.0,"{'lat': -25.2998655, 'lon': -57.311243, 'alt': -0.013, 'yaw': 1.3260931968688965}"
16,2020-07-31 10:14:53.314945-04,17.25,7.001,0.0,142.3,76,0.0,1020.0,"{'lat': -25.299787, 'lon': -57.3112701, 'alt': -0.011, 'yaw': 1.2142555713653564}"
17,2020-07-31 10:15:05.255321-04,17.187,6.999,0.0,141.8,76,0.0,1020.0,"{'lat': -25.2997187, 'lon': -57.3113168, 'alt': -0.037, 'yaw': 1.1206353902816772}"
18,2020-07-31 10:15:17.157727-04,17.187,6.999,0.0,142.4,76,0.0,1020.0,"{'lat': -25.2996572, 'lon': -57.3113551, 'alt': 0.02, 'yaw': 1.112554669380188}"
19,2020-07-31 10:15:29.076017-04,17.187,7.0,0.0,143.4,77,0.0,1020.0,"{'lat': -25.2995856, 'lon': -57.3113996, 'alt': 0.046, 'yaw': 1.1028858423233032}"
20,2020-07-31 10:15:41.060066-04,17.187,7.001,0.0,139.6,75,0.0,1020.0,"{'lat': -25.2995138, 'lon': -57.3114343, 'alt': -0.005, 'yaw': 1.204606056213379}"
21,2020-07-31 10:15:52.998877-04,17.187,6.997999999999999,0.0,142.7,77,0.0,1020.0,"{'lat': -25.2994517, 'lon': -57.3114666, 'alt': -0.004, 'yaw': 1.1596063375473022}"
22,2020-07-31 10:16:04.925105-04,17.187,7.001,0.0,142.3,76,0.0,1020.0,"{'lat': -25.2993899, 'lon': -57.3114931, 'alt': 0.012, 'yaw': 1.0918207168579102}"
23,2020-07-31 10:16:16.842096-04,17.187,6.999,0.0,142.4,76,0.0,1020.0,"{'lat': -25.2993147, 'lon': -57.3115249, 'alt': 0.022, 'yaw': 1.1145355701446533}"
24,2020-07-31 10:16:29.249181-04,17.125,6.997999999999999,0.0,142.6,77,0.0,1020.0,"{'lat': -25.2992427, 'lon': -57.3115594, 'alt': 0.01, 'yaw': 1.0802202224731445}"
25,2020-07-31 10:16:40.690017-04,17.125,6.997000000000001,0.0,142.1,76,0.0,1020.0,"{'lat': -25.2991792, 'lon': -57.3115939, 'alt': 0.016, 'yaw': 1.0855631828308105}"
26,2020-07-31 10:16:52.607639-04,17.125,6.997999999999999,0.0,142.4,76,0.0,1020.0,"{'lat': -25.2991171, 'lon': -57.3116356, 'alt': 0.005, 'yaw': 1.0581486225128174}"
27,2020-07-31 10:17:04.562573-04,17.125,6.999,0.0,142.7,77,0.0,1020.0,"{'lat': -25.2990551, 'lon': -57.3116927, 'alt': 0.022, 'yaw': 0.946561336517334}"
28,2020-07-31 10:17:16.440478-04,17.187,6.997000000000001,0.0,143.2,77,0.0,1020.0,"{'lat': -25.2990002, 'lon': -57.3117588, 'alt': -0.021, 'yaw': 0.8200393319129944}"
29,2020-07-31 10:17:28.36228-04,17.125,7.0,0.0,142.8,77,0.0,1020.0,"{'lat': -25.2989616, 'lon': -57.3118297, 'alt': 0.0, 'yaw': 0.7256401181221008}"
30,2020-07-31 10:17:40.301595-04,17.187,6.999,0.0,142.8,77,0.0,1020.0,"{'lat': -25.2989097, 'lon': -57.3119013, 'alt': 0.0, 'yaw': 0.7323138117790222}"
31,2020-07-31 10:17:52.217653-04,17.187,6.997000000000001,0.0,142.8,77,0.0,1020.0,"{'lat': -25.2988509, 'lon': -57.3119684, 'alt': -0.004, 'yaw': 0.8008267879486084}"
32,2020-07-31 10:18:04.128807-04,17.187,6.997999999999999,0.0,142.9,77,0.0,1020.0,"{'lat': -25.2987946, 'lon': -57.3120423, 'alt': -0.002, 'yaw': 0.7979474067687988}"
33,2020-07-31 10:18:16.045888-04,17.125,6.999,0.0,0.0,0,0.0,1020.0,"{'lat': -25.2987333, 'lon': -57.3121511, 'alt': 0.002, 'yaw': 0.11344092339277267}"
34,2020-07-31 10:18:28.010644-04,17.125,6.999,0.0,142.9,77,0.0,1020.0,"{'lat': -25.2986874, 'lon': -57.3122969, 'alt': -0.022, 'yaw': 0.08699724078178406}"
35,2020-07-31 10:18:39.888904-04,17.125,6.999,0.0,0.0,0,0.0,1020.0,"{'lat': -25.2986832, 'lon': -57.3124548, 'alt': 0.0, 'yaw': -0.16321735084056854}"
36,2020-07-31 10:18:51.820145-04,17.125,6.999,0.0,137.8,74,0.0,1020.0,"{'lat': -25.2987265, 'lon': -57.3126037, 'alt': 0.017, 'yaw': -0.11692775785923004}"
37,2020-07-31 10:19:03.77266-04,17.125,6.997000000000001,0.0,141.6,76,0.0,1020.0,"{'lat': -25.2987808, 'lon': -57.3127662, 'alt': 0.002, 'yaw': 0.04331495612859726}"
38,2020-07-31 10:19:15.701086-04,17.125,6.997999999999999,0.0,142.1,76,0.0,1020.0,"{'lat': -25.2988165, 'lon': -57.3129326, 'alt': 0.016, 'yaw': 0.14329932630062103}"
39,2020-07-31 10:19:27.567599-04,17.062,6.997999999999999,0.0,141.6,76,0.0,1020.0,"{'lat': -25.2988561, 'lon': -57.3130825, 'alt': 0.024, 'yaw': 0.12839193642139435}"
40,2020-07-31 10:19:39.518024-04,17.062,6.997000000000001,0.0,140.7,76,0.0,1020.0,"{'lat': -25.2988853, 'lon': -57.3132542, 'alt': -0.003, 'yaw': 0.04962148889899254}"
41,2020-07-31 10:19:51.421789-04,17.0,6.996,0.0,140.2,75,0.0,1020.0,"{'lat': -25.2989144, 'lon': -57.3134189, 'alt': 0.02, 'yaw': 0.1152602881193161}"
42,2020-07-31 10:20:03.350814-04,16.937,6.997999999999999,0.0,140.3,75,0.0,1020.0,"{'lat': -25.2989609, 'lon': -57.3135853, 'alt': 0.024, 'yaw': 0.17356659471988678}"
43,2020-07-31 10:20:15.270625-04,16.937,6.996,0.0,140.2,75,0.0,1020.0,"{'lat': -25.299011, 'lon': -57.3137401, 'alt': -0.032, 'yaw': 0.10958773642778397}"
44,2020-07-31 10:20:27.188233-04,16.937,6.997999999999999,0.0,140.0,75,0.0,1020.0,"{'lat': -25.2990585, 'lon': -57.3139104, 'alt': 0.005, 'yaw': 0.1079167053103447}"
45,2020-07-31 10:20:39.109039-04,16.937,6.997999999999999,0.0,140.6,75,0.0,1020.0,"{'lat': -25.29909, 'lon': -57.3140649, 'alt': -0.011, 'yaw': 0.09589848667383194}"
46,2020-07-31 10:20:51.023888-04,16.937,6.997000000000001,0.0,140.5,75,0.0,1020.0,"{'lat': -25.2991246, 'lon': -57.3142316, 'alt': 0.027, 'yaw': 0.13526660203933716}"
47,2020-07-31 10:21:02.939118-04,16.937,6.999,0.0,99.51,53,0.0,1020.0,"{'lat': -25.2991623, 'lon': -57.3143829, 'alt': 0.02, 'yaw': -0.022191492840647697}"
48,2020-07-31 10:21:14.889512-04,16.937,6.997999999999999,0.0,141.0,76,0.0,1020.0,"{'lat': -25.299191, 'lon': -57.3145439, 'alt': 0.016, 'yaw': 0.042637113481760025}"
49,2020-07-31 10:21:26.782475-04,16.937,6.997999999999999,0.0,139.5,75,0.0,1020.0,"{'lat': -25.2992196, 'lon': -57.3147204, 'alt': 0.009, 'yaw': -0.07248183339834213}"
50,2020-07-31 10:21:38.700894-04,16.937,6.997000000000001,0.0,139.7,75,0.0,1020.0,"{'lat': -25.299253, 'lon': -57.3149005, 'alt': -0.002, 'yaw': -0.06692052632570267}"
51,2020-07-31 10:21:50.735646-04,16.875,6.997999999999999,0.0,0.0,0,0.0,1020.0,"{'lat': -25.2992895, 'lon': -57.3150639, 'alt': 0.013, 'yaw': -0.13296306133270264}"
52,2020-07-31 10:22:02.535907-04,16.812,6.996,0.0,138.6,74,0.0,1020.0,"{'lat': -25.2993223, 'lon': -57.3152185, 'alt': 0.002, 'yaw': -0.07560558617115021}"
53,2020-07-31 10:22:14.459886-04,16.812,6.996,0.0,138.5,74,0.0,1020.0,"{'lat': -25.2993432, 'lon': -57.3154071, 'alt': 0.0, 'yaw': -0.0791943296790123}"
54,2020-07-31 10:22:26.405724-04,16.75,6.995,0.0,138.5,74,0.0,1020.0,"{'lat': -25.2993638, 'lon': -57.3155819, 'alt': 0.009, 'yaw': -0.09697546809911728}"
55,2020-07-31 10:22:38.303947-04,16.75,6.996,0.0,134.7,72,0.0,1020.0,"{'lat': -25.2993885, 'lon': -57.31574, 'alt': -0.005, 'yaw': -0.12447307258844376}"
56,2020-07-31 10:22:50.240556-04,16.687,6.997999999999999,0.0,0.0,0,0.0,1020.0,"{'lat': -25.299406, 'lon': -57.3159079, 'alt': 0.037, 'yaw': -0.2320205718278885}"
57,2020-07-31 10:23:02.173441-04,16.687,6.997000000000001,0.0,137.2,74,0.0,1020.0,"{'lat': -25.2994319, 'lon': -57.3160611, 'alt': -0.036, 'yaw': -0.239812433719635}"
58,2020-07-31 10:23:14.07421-04,16.687,6.995,0.0,137.9,74,0.0,1020.0,"{'lat': -25.2994599, 'lon': -57.3162159, 'alt': -0.009, 'yaw': 0.14012983441352844}"
59,2020-07-31 10:23:26.009301-04,16.687,6.992999999999999,0.0,138.2,74,0.0,1020.0,"{'lat': -25.2994749, 'lon': -57.3163757, 'alt': 0.028, 'yaw': 0.13264954090118408}"
60,2020-07-31 10:23:37.986519-04,16.625,6.995,0.0,137.9,74,0.0,1020.0,"{'lat': -25.2994909, 'lon': -57.3165406, 'alt': -0.028, 'yaw': -0.09068098664283752}"
61,2020-07-31 10:23:49.827873-04,16.687,6.995,0.0,138.5,74,0.0,1020.0,"{'lat': -25.2995129, 'lon': -57.3167027, 'alt': -0.02, 'yaw': -0.21752361953258514}"
62,2020-07-31 10:24:01.782713-04,16.625,6.997000000000001,0.0,137.9,74,0.0,1020.0,"{'lat': -25.2995479, 'lon': -57.3168689, 'alt': -0.048, 'yaw': -0.04214018955826759}"
63,2020-07-31 10:24:13.676581-04,16.625,6.997000000000001,0.0,136.2,73,0.0,1020.0,"{'lat': -25.2995798, 'lon': -57.3170282, 'alt': 0.017, 'yaw': 0.0033672035206109285}"
64,2020-07-31 10:24:25.583421-04,16.625,6.997000000000001,0.0,138.1,74,0.0,1020.0,"{'lat': -25.2995945, 'lon': -57.317193, 'alt': 0.019, 'yaw': 0.35374659299850464}"
65,2020-07-31 10:24:37.519368-04,16.625,6.999,0.0,137.8,74,0.0,1020.0,"{'lat': -25.2995799, 'lon': -57.3173349, 'alt': -0.001, 'yaw': 0.11628354340791702}"
66,2020-07-31 10:24:49.431844-04,16.625,6.997999999999999,0.0,136.9,73,0.0,1020.0,"{'lat': -25.2995786, 'lon': -57.3174981, 'alt': 0.02, 'yaw': 0.02223392389714718}"
67,2020-07-31 10:25:01.355487-04,16.625,6.999,0.0,137.7,74,0.0,1020.0,"{'lat': -25.2995776, 'lon': -57.3176658, 'alt': -0.008, 'yaw': -0.06802734732627869}"
68,2020-07-31 10:25:13.29981-04,16.562,6.997000000000001,0.0,137.6,74,0.0,1020.0,"{'lat': -25.2995848, 'lon': -57.3178324, 'alt': 0.006, 'yaw': -0.15238109230995178}"
69,2020-07-31 10:25:25.896175-04,16.562,6.997000000000001,0.0,136.6,73,0.0,1020.0,"{'lat': -25.2996079, 'lon': -57.3180172, 'alt': 0.004, 'yaw': -0.19375382363796234}"
70,2020-07-31 10:25:37.126422-04,16.562,6.997999999999999,0.0,134.5,72,0.0,1020.0,"{'lat': -25.2996365, 'lon': -57.3181762, 'alt': -0.024, 'yaw': -0.190797820687294}"
71,2020-07-31 10:25:49.050055-04,16.562,6.997000000000001,0.0,137.2,74,0.0,1020.0,"{'lat': -25.2996721, 'lon': -57.3183317, 'alt': -0.018, 'yaw': -0.047740451991558075}"
72,2020-07-31 10:26:00.959115-04,16.562,6.997000000000001,0.0,137.1,74,0.0,1020.0,"{'lat': -25.2997024, 'lon': -57.3184763, 'alt': 0.017, 'yaw': 0.09563235938549042}"
73,2020-07-31 10:26:12.897037-04,16.562,6.997000000000001,0.0,137.6,74,0.0,1020.0,"{'lat': -25.2997378, 'lon': -57.3186518, 'alt': 0.016, 'yaw': 0.19280675053596497}"
74,2020-07-31 10:26:24.800053-04,16.5,6.997000000000001,0.0,136.8,73,0.0,1020.0,"{'lat': -25.2997737, 'lon': -57.3188114, 'alt': -0.03, 'yaw': 0.21559517085552216}"
75,2020-07-31 10:26:36.717995-04,16.5,6.997999999999999,0.0,137.1,74,0.0,1020.0,"{'lat': -25.2997894, 'lon': -57.3189676, 'alt': -0.041, 'yaw': 0.284523069858551}"
76,2020-07-31 10:26:48.64194-04,16.5,6.997999999999999,0.0,136.2,73,0.0,1020.0,"{'lat': -25.2997783, 'lon': -57.3191374, 'alt': 0.024, 'yaw': 0.26358315348625183}"
77,2020-07-31 10:27:00.553204-04,16.437,6.996,0.0,135.8,73,0.0,1020.0,"{'lat': -25.2997586, 'lon': -57.3193089, 'alt': 0.009, 'yaw': 0.23821990191936493}"
78,2020-07-31 10:27:12.482154-04,16.375,6.997999999999999,0.0,135.8,73,0.0,1020.0,"{'lat': -25.2997348, 'lon': -57.3194466, 'alt': 0.007, 'yaw': 0.19572442770004272}"
79,2020-07-31 10:27:24.412424-04,16.312,6.996,0.0,135.1,72,0.0,1020.0,"{'lat': -25.299729, 'lon': -57.3195957, 'alt': 0.0, 'yaw': -0.0024046222679316998}"
80,2020-07-31 10:27:36.327211-04,16.312,6.997000000000001,0.0,135.9,73,0.0,1020.0,"{'lat': -25.2997361, 'lon': -57.3197495, 'alt': 0.011, 'yaw': -0.09719579666852951}"
81,2020-07-31 10:27:48.269314-04,16.25,6.997999999999999,0.0,135.4,73,0.0,1020.0,"{'lat': -25.2997595, 'lon': -57.3199135, 'alt': -0.008, 'yaw': 0.15851201117038727}"
82,2020-07-31 10:28:00.176334-04,16.25,6.999,0.0,134.8,72,0.0,1020.0,"{'lat': -25.299769, 'lon': -57.3200742, 'alt': 0.038, 'yaw': 0.34844231605529785}"
83,2020-07-31 10:28:12.102031-04,16.25,6.997000000000001,0.0,135.1,72,0.0,1020.0,"{'lat': -25.2997519, 'lon': -57.3202329, 'alt': 0.029, 'yaw': 0.4546949863433838}"
84,2020-07-31 10:28:24.018717-04,16.25,6.997999999999999,0.0,134.3,72,0.0,1020.0,"{'lat': -25.2997354, 'lon': -57.3203789, 'alt': -0.019, 'yaw': 0.4382708668708801}"
85,2020-07-31 10:28:35.923967-04,16.25,6.999,0.0,134.5,72,0.0,1020.0,"{'lat': -25.2997272, 'lon': -57.3205222, 'alt': -0.012, 'yaw': 0.45280590653419495}"
86,2020-07-31 10:28:47.847056-04,16.187,6.997000000000001,0.0,134.8,72,0.0,1020.0,"{'lat': -25.2996895, 'lon': -57.3206751, 'alt': -0.01, 'yaw': 0.5493115782737732}"
87,2020-07-31 10:29:00.181603-04,16.187,6.997999999999999,0.0,134.3,72,0.0,1020.0,"{'lat': -25.2996367, 'lon': -57.3208252, 'alt': 0.027, 'yaw': 0.5644463896751404}"
88,2020-07-31 10:29:11.782638-04,16.187,6.997999999999999,0.0,125.6,67,0.0,1020.0,"{'lat': -25.2995847, 'lon': -57.320957, 'alt': -0.018, 'yaw': 0.28430241346359253}"
89,2020-07-31 10:29:23.685259-04,16.125,6.997000000000001,0.0,131.1,70,0.0,1020.0,"{'lat': -25.2995391, 'lon': -57.3211186, 'alt': 0.056, 'yaw': 0.2526555061340332}"
90,2020-07-31 10:29:35.614335-04,16.125,6.996,0.0,132.4,71,0.0,1020.0,"{'lat': -25.2995059, 'lon': -57.3212758, 'alt': -0.037, 'yaw': 0.16058596968650818}"
91,2020-07-31 10:29:47.51068-04,16.062,6.999,0.0,133.4,72,0.0,1020.0,"{'lat': -25.2994807, 'lon': -57.3214437, 'alt': 0.008, 'yaw': 0.24377906322479248}"
92,2020-07-31 10:29:59.449912-04,16.062,6.997999999999999,0.0,112.6,60,0.0,1020.0,"{'lat': -25.2994562, 'lon': -57.3216007, 'alt': 0.003, 'yaw': 0.26974546909332275}"
93,2020-07-31 10:30:11.375069-04,16.062,6.996,0.0,134.0,72,0.0,1020.0,"{'lat': -25.2994241, 'lon': -57.3217572, 'alt': 0.012, 'yaw': 0.38286343216896057}"
94,2020-07-31 10:30:23.287236-04,16.062,6.997000000000001,0.0,133.6,72,0.0,1020.0,"{'lat': -25.299378, 'lon': -57.3219091, 'alt': 0.013, 'yaw': 0.21129651367664337}"
95,2020-07-31 10:30:35.244561-04,16.062,6.997000000000001,0.0,133.8,72,0.0,1020.0,"{'lat': -25.29934, 'lon': -57.3220626, 'alt': 0.015, 'yaw': 0.25083988904953003}"
96,2020-07-31 10:30:47.149288-04,16.0,6.997000000000001,0.0,133.8,72,0.0,1020.0,"{'lat': -25.2992888, 'lon': -57.3222236, 'alt': -0.004, 'yaw': 0.27829092741012573}"
97,2020-07-31 10:30:59.059353-04,16.062,6.996,0.0,133.9,72,0.0,1020.0,"{'lat': -25.2992494, 'lon': -57.3223777, 'alt': 0.013, 'yaw': 0.4164056181907654}"
98,2020-07-31 10:31:10.97904-04,16.062,6.996,0.0,133.8,72,0.0,1020.0,"{'lat': -25.299196, 'lon': -57.3225293, 'alt': 0.006, 'yaw': 0.3687957525253296}"
99,2020-07-31 10:31:22.888344-04,16.062,6.996,0.0,127.8,69,0.0,1020.0,"{'lat': -25.2991432, 'lon': -57.3226766, 'alt': 0.021, 'yaw': 0.33034610748291016}"
100,2020-07-31 10:31:34.823702-04,16.062,6.997000000000001,0.0,134.1,72,0.0,1020.0,"{'lat': -25.2990914, 'lon': -57.3228306, 'alt': 0.0, 'yaw': 0.2975776791572571}"
101,2020-07-31 10:31:46.728048-04,16.0,6.996,0.0,133.4,72,0.0,1020.0,"{'lat': -25.2990507, 'lon': -57.3229867, 'alt': 0.0, 'yaw': 0.27012553811073303}"
102,2020-07-31 10:31:58.640752-04,15.937000000000001,6.996,0.0,133.1,71,0.0,1020.0,"{'lat': -25.2990138, 'lon': -57.3231502, 'alt': -0.007, 'yaw': 0.35013583302497864}"
103,2020-07-31 10:32:10.567929-04,15.937000000000001,6.997999999999999,0.0,133.7,72,0.0,1020.0,"{'lat': -25.298971, 'lon': -57.3233059, 'alt': -0.023, 'yaw': 0.3644222915172577}"
104,2020-07-31 10:32:22.487163-04,15.937000000000001,6.996,0.0,133.5,72,0.0,1020.0,"{'lat': -25.2989395, 'lon': -57.3234658, 'alt': 0.052, 'yaw': 0.41475123167037964}"
105,2020-07-31 10:32:34.440265-04,15.937000000000001,6.995,0.0,132.8,71,0.0,1020.0,"{'lat': -25.298891, 'lon': -57.3236139, 'alt': 0.004, 'yaw': 0.5530945062637329}"
106,2020-07-31 10:32:46.35501-04,15.875,6.996,0.0,133.6,72,0.0,1020.0,"{'lat': -25.2988329, 'lon': -57.3237553, 'alt': 0.026, 'yaw': 0.5771467685699463}"
107,2020-07-31 10:32:58.274754-04,15.875,6.996,0.0,133.0,71,0.0,1020.0,"{'lat': -25.298774, 'lon': -57.3238926, 'alt': -0.008, 'yaw': 0.4680218994617462}"
108,2020-07-31 10:33:10.21735-04,15.875,6.996,0.0,134.4,72,0.0,1020.0,"{'lat': -25.2987155, 'lon': -57.3240414, 'alt': 0.017, 'yaw': 0.5040810704231262}"
109,2020-07-31 10:33:22.829385-04,15.875,6.996,0.0,134.2,72,0.0,1020.0,"{'lat': -25.2986423, 'lon': -57.3242028, 'alt': -0.009, 'yaw': 0.5449262261390686}"
110,2020-07-31 10:33:34.039906-04,15.875,6.996,0.0,18.13,9,0.0,1020.0,"{'lat': -25.2985696, 'lon': -57.3243265, 'alt': 0.008, 'yaw': 0.6077560186386108}"
111,2020-07-31 10:33:45.940387-04,16.187,6.997999999999999,0.0,10.84,5,0.0,1020.0,"{'lat': -25.2984867, 'lon': -57.3244587, 'alt': -0.003, 'yaw': 0.5417860150337219}"
112,2020-07-31 10:33:57.897846-04,16.687,6.997000000000001,0.0,4.62,2,0.0,1020.0,"{'lat': -25.2984081, 'lon': -57.324579, 'alt': -0.016, 'yaw': 0.7490682005882263}"
113,2020-07-31 10:34:09.785743-04,17.0,6.997000000000001,0.0,0.0,0,0.0,1020.0,"{'lat': -25.2983234, 'lon': -57.3247004, 'alt': -0.005, 'yaw': 0.7311559915542603}"
114,2020-07-31 10:34:22.411275-04,17.375,6.995,0.0,135.8,73,0.0,1020.0,"{'lat': -25.2982206, 'lon': -57.3248257, 'alt': 0.024, 'yaw': 0.7453539967536926}"
115,2020-07-31 10:34:33.634091-04,16.687,6.997000000000001,0.0,135.1,73,0.0,1020.0,"{'lat': -25.2981215, 'lon': -57.3249228, 'alt': -0.007, 'yaw': 0.7716783881187439}"
116,2020-07-31 10:34:45.543633-04,16.312,6.997000000000001,0.0,135.3,73,0.0,1020.0,"{'lat': -25.2980165, 'lon': -57.325019, 'alt': -0.01, 'yaw': 0.7563077211380005}"
117,2020-07-31 10:34:57.461153-04,16.125,6.997000000000001,0.0,136.0,73,0.0,1020.0,"{'lat': -25.2979072, 'lon': -57.325117, 'alt': 0.003, 'yaw': 0.7698378562927246}"
118,2020-07-31 10:35:09.404443-04,16.125,6.997000000000001,0.0,136.3,73,0.0,1020.0,"{'lat': -25.2978025, 'lon': -57.3252129, 'alt': -0.005, 'yaw': 1.033605933189392}"
119,2020-07-31 10:35:21.300144-04,16.125,6.992999999999999,0.0,137.7,74,0.0,1020.0,"{'lat': -25.2977033, 'lon': -57.3252869, 'alt': 0.001, 'yaw': 0.7848268151283264}"
120,2020-07-31 10:35:33.230409-04,16.187,6.995,0.0,139.5,75,0.0,1020.0,"{'lat': -25.2976014, 'lon': -57.3253769, 'alt': 0.018, 'yaw': 0.8402385711669922}"
121,2020-07-31 10:35:45.154494-04,16.312,6.996,0.0,140.5,75,0.0,1020.0,"{'lat': -25.2974875, 'lon': -57.325468, 'alt': 0.024, 'yaw': 0.8365607857704163}"
122,2020-07-31 10:35:57.059104-04,16.437,6.995,0.0,141.8,76,0.0,1020.0,"{'lat': -25.2973792, 'lon': -57.3255437, 'alt': 0.011, 'yaw': 0.9246857166290283}"
123,2020-07-31 10:36:09.032143-04,16.562,6.997000000000001,0.0,143.5,77,0.0,1020.0,"{'lat': -25.2972699, 'lon': -57.3256089, 'alt': 0.002, 'yaw': 1.0561304092407227}"
124,2020-07-31 10:36:20.907752-04,16.75,6.997999999999999,0.0,144.9,78,0.0,1020.0,"{'lat': -25.2971574, 'lon': -57.3256609, 'alt': 0.007, 'yaw': 0.923168420791626}"
125,2020-07-31 10:36:32.831703-04,16.875,6.997999999999999,0.0,145.8,78,0.0,1020.0,"{'lat': -25.2970594, 'lon': -57.3257134, 'alt': 0.045, 'yaw': 0.9057981967926025}"
126,2020-07-31 10:36:44.746262-04,17.0,6.996,0.0,146.3,79,0.0,1020.0,"{'lat': -25.2969424, 'lon': -57.3257742, 'alt': 0.045, 'yaw': 0.9554820656776428}"
127,2020-07-31 10:36:56.684085-04,17.062,6.997999999999999,0.0,147.8,79,0.0,1020.0,"{'lat': -25.2968309, 'lon': -57.3258298, 'alt': -0.002, 'yaw': 0.89012610912323}"
128,2020-07-31 10:37:08.595348-04,17.187,6.997999999999999,0.0,142.4,76,0.0,1020.0,"{'lat': -25.2967172, 'lon': -57.3258898, 'alt': -0.036, 'yaw': 0.8719958662986755}"
129,2020-07-31 10:37:20.512616-04,17.25,6.996,0.0,148.5,80,0.0,1020.0,"{'lat': -25.2966067, 'lon': -57.3259467, 'alt': 0.033, 'yaw': 0.995171308517456}"
130,2020-07-31 10:37:32.433685-04,17.375,6.997000000000001,0.0,150.5,81,0.0,1020.0,"{'lat': -25.2964879, 'lon': -57.3260024, 'alt': 0.006, 'yaw': 0.9578889012336731}"
131,2020-07-31 10:37:44.379598-04,17.437,6.997999999999999,0.0,151.5,81,0.0,1020.0,"{'lat': -25.2963842, 'lon': -57.3260601, 'alt': 0.013, 'yaw': 0.9989128708839417}"
132,2020-07-31 10:37:56.292319-04,17.562,6.997000000000001,0.0,151.7,81,0.0,1020.0,"{'lat': -25.2962787, 'lon': -57.326098, 'alt': 0.016, 'yaw': 1.0785719156265259}"
133,2020-07-31 10:38:08.201955-04,17.687,6.997000000000001,0.0,145.3,78,0.0,1020.0,"{'lat': -25.2961567, 'lon': -57.3261287, 'alt': 0.047, 'yaw': 1.0134280920028687}"
134,2020-07-31 10:38:20.13956-04,17.812,6.995,0.0,154.1,83,0.0,1020.0,"{'lat': -25.2960395, 'lon': -57.3261643, 'alt': 0.015, 'yaw': 0.9809218049049377}"
135,2020-07-31 10:38:32.399566-04,17.875,6.996,0.0,154.4,83,0.0,1020.0,"{'lat': -25.2959209, 'lon': -57.3261977, 'alt': 0.024, 'yaw': 0.9614191055297852}"
136,2020-07-31 10:38:43.999507-04,17.937,6.995,0.0,153.8,83,0.0,1020.0,"{'lat': -25.2958022, 'lon': -57.3262316, 'alt': 0.013, 'yaw': 0.9538407921791077}"
137,2020-07-31 10:38:55.934409-04,17.937,6.996,0.0,0.0,0,0.0,1020.0,"{'lat': -25.295693, 'lon': -57.326272, 'alt': 0.016, 'yaw': 0.8721646070480347}"
138,2020-07-31 10:39:07.892649-04,17.937,6.996,0.0,148.5,80,0.0,1020.0,"{'lat': -25.2955831, 'lon': -57.3263075, 'alt': 0.053, 'yaw': 1.1608716249465942}"
139,2020-07-31 10:39:20.006483-04,17.875,6.995,0.0,0.0,0,0.0,1020.0,"{'lat': -25.2954776, 'lon': -57.3263306, 'alt': 0.004, 'yaw': 0.60765540599823}"
140,2020-07-31 10:39:31.719471-04,17.687,6.997999999999999,0.0,76.24,41,0.0,1020.0,"{'lat': -25.2954019, 'lon': -57.3263938, 'alt': -0.016, 'yaw': 0.4612050950527191}"
141,2020-07-31 10:39:43.662255-04,17.312,6.997000000000001,0.0,143.0,77,0.0,1020.0,"{'lat': -25.2953215, 'lon': -57.3264807, 'alt': -0.032, 'yaw': 0.7722193598747253}"
142,2020-07-31 10:39:55.558713-04,17.062,6.996,0.0,140.7,76,0.0,1020.0,"{'lat': -25.2952508, 'lon': -57.326556, 'alt': 0.011, 'yaw': 0.8167110681533813}"
143,2020-07-31 10:40:07.496842-04,16.75,6.997999999999999,0.0,136.8,73,0.0,1020.0,"{'lat': -25.2952003, 'lon': -57.3266341, 'alt': 0.017, 'yaw': 0.6894662380218506}"
144,2020-07-31 10:40:19.411284-04,16.75,6.997000000000001,0.0,133.1,71,0.0,1020.0,"{'lat': -25.2951476, 'lon': -57.3267138, 'alt': -0.016, 'yaw': 0.7553942203521729}"
145,2020-07-31 10:40:31.347671-04,16.125,6.997999999999999,0.0,134.2,72,0.0,1020.0,"{'lat': -25.2950987, 'lon': -57.3268021, 'alt': -0.004, 'yaw': 0.7344030141830444}"
146,2020-07-31 10:40:43.244866-04,15.937000000000001,6.999,0.0,132.8,71,0.0,1020.0,"{'lat': -25.2950525, 'lon': -57.3268648, 'alt': 0.002, 'yaw': 0.7184031009674072}"
147,2020-07-31 10:40:55.198137-04,15.812000000000001,6.999,0.0,133.1,71,0.0,1020.0,"{'lat': -25.2950078, 'lon': -57.326931, 'alt': -0.006, 'yaw': 0.7156785726547241}"
148,2020-07-31 10:41:07.122787-04,15.812000000000001,6.997000000000001,0.0,132.6,71,0.0,1020.0,"{'lat': -25.2949628, 'lon': -57.327009, 'alt': 0.044, 'yaw': 0.6761534214019775}"
149,2020-07-31 10:41:19.040844-04,15.75,6.997000000000001,0.0,133.3,72,0.0,1020.0,"{'lat': -25.2949146, 'lon': -57.3270878, 'alt': 0.034, 'yaw': 0.7089877724647522}"
150,2020-07-31 10:41:30.960997-04,15.687000000000001,7.0,0.0,133.5,72,0.0,1020.0,"{'lat': -25.2948776, 'lon': -57.327178, 'alt': 0.021, 'yaw': 0.7305518984794617}"
151,2020-07-31 10:41:42.888196-04,15.687000000000001,6.997999999999999,0.0,133.2,71,0.0,1020.0,"{'lat': -25.2948565, 'lon': -57.3272805, 'alt': 0.0, 'yaw': 0.6209995150566101}"
152,2020-07-31 10:41:54.793229-04,15.687000000000001,6.997999999999999,0.0,133.4,72,0.0,1020.0,"{'lat': -25.2948416, 'lon': -57.3273771, 'alt': 0.001, 'yaw': 0.5299877524375916}"
153,2020-07-31 10:42:06.792874-04,15.625,7.001,0.0,134.5,72,0.0,1020.0,"{'lat': -25.2948199, 'lon': -57.3274839, 'alt': 0.046, 'yaw': 0.6576448082923889}"
154,2020-07-31 10:42:18.607604-04,15.687000000000001,6.997999999999999,0.0,134.4,72,0.0,1020.0,"{'lat': -25.2948125, 'lon': -57.3275866, 'alt': 0.004, 'yaw': 0.7134685516357422}"
155,2020-07-31 10:42:30.524336-04,15.687000000000001,6.999,0.0,133.9,72,0.0,1020.0,"{'lat': -25.2947941, 'lon': -57.3276904, 'alt': 0.018, 'yaw': 0.7371976971626282}"
156,2020-07-31 10:42:42.441969-04,15.687000000000001,6.997000000000001,0.0,135.0,72,0.0,1020.0,"{'lat': -25.2947657, 'lon': -57.3277714, 'alt': 0.014, 'yaw': 0.7927771806716919}"
157,2020-07-31 10:42:54.366121-04,15.687000000000001,6.997999999999999,0.0,134.8,72,0.0,1020.0,"{'lat': -25.2947498, 'lon': -57.3278572, 'alt': 0.009, 'yaw': 0.8121840357780457}"
158,2020-07-31 10:43:06.292349-04,15.75,6.997000000000001,0.0,134.5,72,0.0,1020.0,"{'lat': -25.2947266, 'lon': -57.3279418, 'alt': 0.02, 'yaw': 0.8770613074302673}"
159,2020-07-31 10:43:18.233553-04,15.75,6.997999999999999,0.0,134.0,72,0.0,1020.0,"{'lat': -25.2946842, 'lon': -57.3280127, 'alt': 0.0, 'yaw': 0.989516019821167}"
160,2020-07-31 10:43:30.132068-04,15.812000000000001,6.999,0.0,133.2,71,0.0,1020.0,"{'lat': -25.2946406, 'lon': -57.3281082, 'alt': 0.016, 'yaw': 0.8839945793151855}"
161,2020-07-31 10:43:42.053695-04,15.812000000000001,6.999,0.0,133.6,72,0.0,1020.0,"{'lat': -25.2946255, 'lon': -57.3282104, 'alt': 0.037, 'yaw': 0.7200930118560791}"
162,2020-07-31 10:43:53.999222-04,15.812000000000001,6.997999999999999,0.0,134.1,72,0.0,1020.0,"{'lat': -25.2946, 'lon': -57.3283004, 'alt': 0.023, 'yaw': 0.7499735355377197}"
163,2020-07-31 10:44:05.884286-04,15.812000000000001,6.999,0.0,134.0,72,0.0,1020.0,"{'lat': -25.2945797, 'lon': -57.3283863, 'alt': -0.02, 'yaw': 0.6040071249008179}"
164,2020-07-31 10:44:17.804593-04,15.812000000000001,6.997000000000001,0.0,134.3,72,0.0,1020.0,"{'lat': -25.2945496, 'lon': -57.3284707, 'alt': -0.015, 'yaw': 0.20641262829303741}"
165,2020-07-31 10:44:29.726265-04,15.75,7.001,0.0,134.1,72,0.0,1020.0,"{'lat': -25.2945301, 'lon': -57.3285522, 'alt': 0.043, 'yaw': -0.1521565020084381}"
166,2020-07-31 10:44:41.674574-04,15.812000000000001,7.001,0.0,0.0,0,0.0,1020.0,"{'lat': -25.2945364, 'lon': -57.3286482, 'alt': -0.003, 'yaw': -0.5139036774635315}"
167,2020-07-31 10:44:53.568812-04,15.75,6.997999999999999,0.0,135.4,73,0.0,1020.0,"{'lat': -25.2945543, 'lon': -57.3287381, 'alt': 0.03, 'yaw': -0.8525197505950928}"
168,2020-07-31 10:45:05.501353-04,15.812000000000001,7.0,0.0,135.5,73,0.0,1020.0,"{'lat': -25.2946056, 'lon': -57.3288189, 'alt': 0.026, 'yaw': -1.1259465217590332}"
169,2020-07-31 10:45:17.400182-04,15.812000000000001,6.999,0.0,132.7,71,0.0,1020.0,"{'lat': -25.2946677, 'lon': -57.3288806, 'alt': -0.023, 'yaw': -1.3840899467468262}"
170,2020-07-31 10:45:29.33954-04,15.875,6.999,0.0,134.7,72,0.0,1020.0,"{'lat': -25.2947455, 'lon': -57.3289288, 'alt': 0.046, 'yaw': -1.4951165914535522}"
171,2020-07-31 10:45:41.271171-04,15.812000000000001,6.997000000000001,0.0,134.7,72,0.0,1020.0,"{'lat': -25.2948377, 'lon': -57.328955, 'alt': 0.017, 'yaw': -1.5045561790466309}"
172,2020-07-31 10:45:53.193649-04,15.812000000000001,7.0,0.0,135.3,73,0.0,1020.0,"{'lat': -25.2949306, 'lon': -57.3289671, 'alt': 0.0, 'yaw': 3.022897481918335}"
173,2020-07-31 10:46:05.100619-04,15.812000000000001,6.997000000000001,0.0,134.8,72,0.0,1020.0,"{'lat': -25.2950442, 'lon': -57.3289681, 'alt': 0.005, 'yaw': -2.9694230556488037}"
174,2020-07-31 10:46:17.019814-04,15.812000000000001,6.997999999999999,0.0,131.5,71,0.0,1020.0,"{'lat': -25.2951541, 'lon': -57.3289862, 'alt': -0.003, 'yaw': -3.1131129264831543}"
175,2020-07-31 10:46:28.938732-04,15.812000000000001,6.999,0.0,134.9,72,0.0,1020.0,"{'lat': -25.2952854, 'lon': -57.3289943, 'alt': 0.008, 'yaw': 2.866917848587036}"
176,2020-07-31 10:46:40.866013-04,15.812000000000001,6.997999999999999,0.0,128.5,69,0.0,1020.0,"{'lat': -25.2953969, 'lon': -57.3289828, 'alt': -0.011, 'yaw': 2.7153916358947754}"
177,2020-07-31 10:46:52.796541-04,15.812000000000001,6.997000000000001,0.0,135.3,73,0.0,1020.0,"{'lat': -25.2954964, 'lon': -57.3289573, 'alt': 0.049, 'yaw': 2.876821517944336}"
178,2020-07-31 10:47:04.677841-04,15.812000000000001,6.997000000000001,0.0,135.1,72,0.0,1020.0,"{'lat': -25.2956019, 'lon': -57.3289386, 'alt': 0.003, 'yaw': -3.057326316833496}"
179,2020-07-31 10:47:16.641621-04,15.812000000000001,6.997999999999999,0.0,135.5,73,0.0,1020.0,"{'lat': -25.295723, 'lon': -57.3289328, 'alt': -0.03, 'yaw': -2.9243268966674805}"
180,2020-07-31 10:47:28.541944-04,15.812000000000001,6.997999999999999,0.0,135.3,73,0.0,1020.0,"{'lat': -25.2958561, 'lon': -57.3289559, 'alt': -0.015, 'yaw': -2.9156410694122314}"
181,2020-07-31 10:47:40.449977-04,15.812000000000001,7.0,0.0,135.8,73,0.0,1020.0,"{'lat': -25.2959829, 'lon': -57.3289789, 'alt': 0.001, 'yaw': -2.661883592605591}"
182,2020-07-31 10:47:52.388093-04,15.812000000000001,6.999,0.0,135.1,72,0.0,1020.0,"{'lat': -25.2961007, 'lon': -57.3290236, 'alt': 0.011, 'yaw': -2.691927909851074}"
183,2020-07-31 10:48:04.318673-04,15.812000000000001,6.999,0.0,128.8,69,0.0,1020.0,"{'lat': -25.2962202, 'lon': -57.3290839, 'alt': 0.013, 'yaw': -2.7215933799743652}"
184,2020-07-31 10:48:16.22133-04,15.812000000000001,6.997000000000001,0.0,135.9,73,0.0,1020.0,"{'lat': -25.2963448, 'lon': -57.3291246, 'alt': -0.008, 'yaw': -2.736042022705078}"
185,2020-07-31 10:48:28.14924-04,15.812000000000001,7.0,0.0,136.0,73,0.0,1020.0,"{'lat': -25.2964478, 'lon': -57.3291676, 'alt': 0.0, 'yaw': -2.750239849090576}"
186,2020-07-31 10:48:40.06168-04,15.875,6.999,0.0,136.7,73,0.0,1020.0,"{'lat': -25.2965718, 'lon': -57.3292094, 'alt': 0.004, 'yaw': -2.7845590114593506}"
187,2020-07-31 10:48:51.987575-04,15.875,7.0,0.0,135.4,73,0.0,1020.0,"{'lat': -25.2966928, 'lon': -57.3292546, 'alt': 0.011, 'yaw': -3.036503791809082}"
188,2020-07-31 10:49:03.925116-04,15.937000000000001,6.999,0.0,137.0,74,0.0,1020.0,"{'lat': -25.2968207, 'lon': -57.3292848, 'alt': 0.007, 'yaw': -2.9127912521362305}"
189,2020-07-31 10:49:15.823848-04,15.937000000000001,6.999,0.0,137.6,74,0.0,1020.0,"{'lat': -25.2969472, 'lon': -57.3293136, 'alt': -0.013, 'yaw': -2.8368043899536133}"
190,2020-07-31 10:49:27.770517-04,15.937000000000001,6.999,0.0,137.5,74,0.0,1020.0,"{'lat': -25.2970697, 'lon': -57.3293626, 'alt': 0.022, 'yaw': -2.8534858226776123}"
191,2020-07-31 10:49:39.695699-04,16.0,6.997999999999999,0.0,138.8,75,0.0,1020.0,"{'lat': -25.29719, 'lon': -57.3294072, 'alt': 0.005, 'yaw': -2.7696173191070557}"
192,2020-07-31 10:49:51.583734-04,16.062,6.997999999999999,0.0,139.2,75,0.0,1020.0,"{'lat': -25.2973056, 'lon': -57.3294503, 'alt': -0.03, 'yaw': -2.6548173427581787}"
193,2020-07-31 10:50:03.8888-04,16.125,6.997999999999999,0.0,136.5,73,0.0,1020.0,"{'lat': -25.2974338, 'lon': -57.3295137, 'alt': -0.013, 'yaw': -2.6585934162139893}"
194,2020-07-31 10:50:15.462955-04,16.125,6.999,0.0,137.9,74,0.0,1020.0,"{'lat': -25.297536, 'lon': -57.3295718, 'alt': 0.021, 'yaw': -2.752931833267212}"
195,2020-07-31 10:50:27.379894-04,16.125,7.0,0.0,138.6,74,0.0,1020.0,"{'lat': -25.2976733, 'lon': -57.3296279, 'alt': 0.029, 'yaw': -2.786623954772949}"
196,2020-07-31 10:50:39.283033-04,16.125,6.999,0.0,138.4,74,0.0,1020.0,"{'lat': -25.2977884, 'lon': -57.3296864, 'alt': 0.03, 'yaw': -2.861818552017212}"
197,2020-07-31 10:50:51.198682-04,16.187,6.997000000000001,0.0,138.8,74,0.0,1020.0,"{'lat': -25.2979142, 'lon': -57.3297241, 'alt': 0.009, 'yaw': -2.921377420425415}"
198,2020-07-31 10:51:03.129998-04,16.187,6.999,0.0,138.0,74,0.0,1020.0,"{'lat': -25.2980407, 'lon': -57.3297634, 'alt': -0.006, 'yaw': -2.861433744430542}"
199,2020-07-31 10:51:15.055638-04,16.187,6.997999999999999,0.0,135.2,73,0.0,1020.0,"{'lat': -25.2981485, 'lon': -57.3298097, 'alt': 0.009, 'yaw': -2.933408498764038}"
200,2020-07-31 10:51:26.947176-04,16.187,6.997000000000001,0.0,137.0,73,0.0,1020.0,"{'lat': -25.2982735, 'lon': -57.3298502, 'alt': 0.009, 'yaw': -2.801730155944824}"
201,2020-07-31 10:51:38.892583-04,16.125,6.997999999999999,0.0,136.4,73,0.0,1020.0,"{'lat': -25.2983951, 'lon': -57.3299044, 'alt': 0.0, 'yaw': -2.8633625507354736}"
202,2020-07-31 10:51:50.821038-04,16.125,6.995,0.0,134.4,72,0.0,1020.0,"{'lat': -25.2985188, 'lon': -57.3299527, 'alt': 0.002, 'yaw': -2.9150002002716064}"
203,2020-07-31 10:52:02.757299-04,15.937000000000001,6.996,0.0,133.7,72,0.0,1020.0,"{'lat': -25.2986436, 'lon': -57.3299966, 'alt': -0.013, 'yaw': -3.039541721343994}"
204,2020-07-31 10:52:14.624333-04,15.937000000000001,6.997999999999999,0.0,133.3,72,0.0,1020.0,"{'lat': -25.2987667, 'lon': -57.330035, 'alt': -0.01, 'yaw': -3.0577032566070557}"
205,2020-07-31 10:52:26.582275-04,15.875,6.997000000000001,0.0,132.3,71,0.0,1020.0,"{'lat': -25.2988751, 'lon': -57.3300672, 'alt': 0.006, 'yaw': 3.1316685676574707}"
206,2020-07-31 10:52:38.482153-04,15.875,6.996,0.0,133.0,71,0.0,1020.0,"{'lat': -25.2989943, 'lon': -57.3300961, 'alt': 0.012, 'yaw': -3.0971920490264893}"
207,2020-07-31 10:52:50.391065-04,15.875,6.997999999999999,0.0,133.3,71,0.0,1020.0,"{'lat': -25.2991193, 'lon': -57.3301145, 'alt': -0.039, 'yaw': -3.0174875259399414}"
208,2020-07-31 10:53:02.325611-04,15.875,6.997000000000001,0.0,133.4,72,0.0,1020.0,"{'lat': -25.2992469, 'lon': -57.3301306, 'alt': 0.002, 'yaw': -3.065171241760254}"
209,2020-07-31 10:53:14.242446-04,15.875,6.997000000000001,0.0,133.4,72,0.0,1020.0,"{'lat': -25.2993703, 'lon': -57.3301693, 'alt': -0.003, 'yaw': -3.1034727096557617}"
210,2020-07-31 10:53:26.17071-04,15.812000000000001,6.996,0.0,132.8,71,0.0,1020.0,"{'lat': -25.2994862, 'lon': -57.3302057, 'alt': -0.003, 'yaw': 3.116028308868408}"
211,2020-07-31 10:53:38.10026-04,15.812000000000001,6.997999999999999,0.0,132.9,71,0.0,1020.0,"{'lat': -25.2996073, 'lon': -57.3302293, 'alt': -0.012, 'yaw': 3.102715253829956}"
212,2020-07-31 10:53:49.99037-04,15.812000000000001,6.997999999999999,0.0,133.3,72,0.0,1020.0,"{'lat': -25.2997201, 'lon': -57.3302502, 'alt': 0.014, 'yaw': 3.13266658782959}"
213,2020-07-31 10:54:01.976188-04,15.75,6.999,0.0,132.4,71,0.0,1020.0,"{'lat': -25.299835, 'lon': -57.330267, 'alt': -0.001, 'yaw': 3.100839614868164}"
214,2020-07-31 10:54:13.928741-04,15.75,6.997999999999999,0.0,129.4,69,0.0,1020.0,"{'lat': -25.2999635, 'lon': -57.3302709, 'alt': -0.013, 'yaw': 3.1069540977478027}"
215,2020-07-31 10:54:25.841281-04,15.75,7.0,0.0,131.3,70,0.0,1020.0,"{'lat': -25.3000965, 'lon': -57.3302864, 'alt': -0.002, 'yaw': 3.1387877464294434}"
216,2020-07-31 10:54:37.777622-04,15.687000000000001,6.996,0.0,132.0,71,0.0,1020.0,"{'lat': -25.3002203, 'lon': -57.3302999, 'alt': 0.007, 'yaw': 3.0996451377868652}"
217,2020-07-31 10:54:49.692042-04,15.687000000000001,6.997000000000001,0.0,108.6,58,0.0,1020.0,"{'lat': -25.300347, 'lon': -57.3303139, 'alt': -0.032, 'yaw': 3.0557618141174316}"
218,2020-07-31 10:55:01.601361-04,15.687000000000001,6.997999999999999,0.0,131.8,71,0.0,1020.0,"{'lat': -25.3004654, 'lon': -57.3303177, 'alt': -0.027, 'yaw': 2.954101800918579}"
219,2020-07-31 10:55:13.534655-04,15.687000000000001,6.996,0.0,131.0,70,0.0,1020.0,"{'lat': -25.3005872, 'lon': -57.3303248, 'alt': 0.021, 'yaw': 2.9088377952575684}"
220,2020-07-31 10:55:25.464241-04,15.687000000000001,6.997000000000001,0.0,132.3,71,0.0,1020.0,"{'lat': -25.3007228, 'lon': -57.3303339, 'alt': -0.002, 'yaw': 2.8425889015197754}"
221,2020-07-31 10:55:37.548107-04,15.687000000000001,6.996,0.0,131.8,71,0.0,1020.0,"{'lat': -25.3008425, 'lon': -57.3303269, 'alt': 0.013, 'yaw': 2.8358523845672607}"
222,2020-07-31 10:55:49.303683-04,15.687000000000001,6.997999999999999,0.0,131.3,70,0.0,1020.0,"{'lat': -25.3009594, 'lon': -57.3303162, 'alt': 0.016, 'yaw': 2.935804843902588}"
223,2020-07-31 10:56:01.214132-04,15.687000000000001,6.997000000000001,0.0,131.8,71,0.0,1020.0,"{'lat': -25.3010861, 'lon': -57.3303116, 'alt': -0.016, 'yaw': 2.8635730743408203}"
224,2020-07-31 10:56:13.140397-04,15.687000000000001,6.997000000000001,0.0,131.0,70,0.0,1020.0,"{'lat': -25.3012137, 'lon': -57.3303057, 'alt': 0.029, 'yaw': 2.9522030353546143}"
225,2020-07-31 10:56:36.985775-04,15.625,6.999,0.0,132.2,71,0.0,1020.0,"{'lat': -25.3014268, 'lon': -57.3303156, 'alt': 0.0, 'yaw': 3.0094761848449707}"
226,2020-07-31 10:56:48.887564-04,15.687000000000001,6.997999999999999,0.0,132.2,71,0.0,1020.0,"{'lat': -25.3015486, 'lon': -57.3303124, 'alt': 0.014, 'yaw': 3.0968945026397705}"
227,2020-07-31 10:57:00.841264-04,15.687000000000001,6.999,0.0,131.7,71,0.0,1020.0,"{'lat': -25.3016764, 'lon': -57.3303152, 'alt': -0.004, 'yaw': 3.0609309673309326}"
228,2020-07-31 10:57:12.740884-04,15.625,6.999,0.0,131.9,71,0.0,1020.0,"{'lat': -25.3018078, 'lon': -57.3303202, 'alt': 0.007, 'yaw': -3.048583745956421}"
229,2020-07-31 10:57:25.04469-04,15.625,6.999,0.0,131.8,71,0.0,1020.0,"{'lat': -25.3019444, 'lon': -57.3303426, 'alt': 0.018, 'yaw': -3.0660452842712402}"
230,2020-07-31 10:57:36.660428-04,15.687000000000001,6.997000000000001,0.0,132.6,71,0.0,1020.0,"{'lat': -25.3020739, 'lon': -57.3303612, 'alt': 0.003, 'yaw': -3.0575761795043945}"
231,2020-07-31 10:57:48.880331-04,15.687000000000001,6.997999999999999,0.0,132.1,71,0.0,1020.0,"{'lat': -25.3021995, 'lon': -57.3303822, 'alt': -0.003, 'yaw': -2.99241304397583}"
232,2020-07-31 10:58:00.815335-04,15.687000000000001,6.999,0.0,130.0,70,0.0,1020.0,"{'lat': -25.3023251, 'lon': -57.3304059, 'alt': 0.005, 'yaw': -3.1154651641845703}"
233,2020-07-31 10:58:12.35785-04,15.687000000000001,6.999,0.0,130.3,70,0.0,1020.0,"{'lat': -25.3024352, 'lon': -57.330432, 'alt': 0.007, 'yaw': -3.04941725730896}"
234,2020-07-31 10:58:24.649925-04,15.687000000000001,6.997000000000001,0.0,121.3,65,0.0,1020.0,"{'lat': -25.3025661, 'lon': -57.3304537, 'alt': 0.007, 'yaw': -3.0821516513824463}"
235,2020-07-31 10:58:36.716044-04,15.687000000000001,6.997999999999999,0.0,131.8,71,0.0,1020.0,"{'lat': -25.302697, 'lon': -57.3304818, 'alt': 0.001, 'yaw': -3.0006515979766846}"
236,2020-07-31 10:58:48.124427-04,15.687000000000001,6.997999999999999,0.0,140.2,75,0.0,1020.0,"{'lat': -25.3028238, 'lon': -57.3305023, 'alt': 0.024, 'yaw': -3.0129292011260986}"
237,2020-07-31 10:59:00.094729-04,15.687000000000001,6.999,0.0,132.1,71,0.0,1020.0,"{'lat': -25.3029493, 'lon': -57.3305238, 'alt': 0.017, 'yaw': -2.994318962097168}"
238,2020-07-31 10:59:11.941424-04,15.687000000000001,6.997999999999999,0.0,132.1,71,0.0,1020.0,"{'lat': -25.3030584, 'lon': -57.3305523, 'alt': 0.015, 'yaw': -2.9983344078063965}"
239,2020-07-31 10:59:23.948318-04,15.687000000000001,6.997000000000001,0.0,130.9,70,0.0,1020.0,"{'lat': -25.3031845, 'lon': -57.3305772, 'alt': 0.002, 'yaw': -2.9581820964813232}"
240,2020-07-31 10:59:35.874659-04,15.687000000000001,6.997999999999999,0.0,131.4,70,0.0,1020.0,"{'lat': -25.3033065, 'lon': -57.3306106, 'alt': -0.018, 'yaw': -2.8883421421051025}"
241,2020-07-31 10:59:47.72837-04,15.625,7.0,0.0,12.63,6,0.0,1020.0,"{'lat': -25.3034265, 'lon': -57.3306421, 'alt': 0.011, 'yaw': -2.904186248779297}"
242,2020-07-31 11:00:00.116168-04,15.687000000000001,6.997000000000001,0.0,112.9,60,0.0,1020.0,"{'lat': -25.3035489, 'lon': -57.3306821, 'alt': -0.019, 'yaw': -2.9176909923553467}"
243,2020-07-31 11:00:11.580302-04,15.687000000000001,6.996,0.0,130.7,70,0.0,1020.0,"{'lat': -25.3036615, 'lon': -57.3307242, 'alt': 0.014, 'yaw': -2.9750499725341797}"
244,2020-07-31 11:00:23.665398-04,15.687000000000001,6.997000000000001,0.0,127.7,68,0.0,1020.0,"{'lat': -25.3037826, 'lon': -57.3307665, 'alt': 0.061, 'yaw': -3.0164735317230225}"
245,2020-07-31 11:00:35.401281-04,15.687000000000001,6.997000000000001,0.0,125.7,67,0.0,1020.0,"{'lat': -25.3038953, 'lon': -57.3308097, 'alt': -0.058, 'yaw': -3.0284595489501953}"
246,2020-07-31 11:00:47.311869-04,15.687000000000001,6.995,0.0,132.1,71,0.0,1020.0,"{'lat': -25.3040161, 'lon': -57.3308422, 'alt': 0.005, 'yaw': -3.0425803661346436}"
247,2020-07-31 11:00:59.23173-04,15.687000000000001,6.997000000000001,0.0,131.5,71,0.0,1020.0,"{'lat': -25.304133, 'lon': -57.3308804, 'alt': 0.006, 'yaw': -3.094468355178833}"
248,2020-07-31 11:01:11.283735-04,15.687000000000001,6.997000000000001,0.0,132.1,71,0.0,1020.0,"{'lat': -25.3042518, 'lon': -57.3309187, 'alt': 0.003, 'yaw': 3.1187379360198975}"
249,2020-07-31 11:01:23.10976-04,15.687000000000001,6.997999999999999,0.0,132.6,71,0.0,1020.0,"{'lat': -25.3043707, 'lon': -57.3309514, 'alt': -0.002, 'yaw': 3.065779209136963}"
250,2020-07-31 11:01:35.000118-04,15.687000000000001,6.997000000000001,0.0,131.6,71,0.0,1020.0,"{'lat': -25.3044906, 'lon': -57.3309684, 'alt': -0.019, 'yaw': -3.1118662357330322}"
251,2020-07-31 11:01:46.922889-04,15.687000000000001,6.997999999999999,0.0,132.3,71,0.0,1020.0,"{'lat': -25.3046056, 'lon': -57.3309854, 'alt': 0.002, 'yaw': -3.1390511989593506}"
252,2020-07-31 11:01:58.91517-04,15.687000000000001,6.999,0.0,0.0,0,0.0,1020.0,"{'lat': -25.3047413, 'lon': -57.3310226, 'alt': 0.011, 'yaw': 3.116260051727295}"
253,2020-07-31 11:02:11.006544-04,15.687000000000001,6.996,0.0,131.7,71,0.0,1020.0,"{'lat': -25.3048609, 'lon': -57.3310557, 'alt': 0.001, 'yaw': 3.134061098098755}"
254,2020-07-31 11:02:22.695512-04,15.687000000000001,6.996,0.0,134.5,72,0.0,1020.0,"{'lat': -25.3049864, 'lon': -57.3310814, 'alt': -0.001, 'yaw': 3.0864360332489014}"
255,2020-07-31 11:02:34.617491-04,15.687000000000001,6.997000000000001,0.0,129.9,70,0.0,1020.0,"{'lat': -25.3051103, 'lon': -57.3311018, 'alt': -0.001, 'yaw': 3.0603199005126953}"
256,2020-07-31 11:02:46.510277-04,15.687000000000001,6.997999999999999,0.0,127.8,69,0.0,1020.0,"{'lat': -25.305218, 'lon': -57.3311223, 'alt': 0.024, 'yaw': 3.0380985736846924}"
257,2020-07-31 11:02:58.444139-04,15.687000000000001,6.997000000000001,0.0,135.1,72,0.0,1020.0,"{'lat': -25.3053278, 'lon': -57.3311429, 'alt': -0.027, 'yaw': 3.0709071159362793}"
258,2020-07-31 11:03:10.387239-04,15.687000000000001,6.996,0.0,131.9,71,0.0,1020.0,"{'lat': -25.3054703, 'lon': -57.3311634, 'alt': 0.007, 'yaw': -3.1340484619140625}"
259,2020-07-31 11:03:22.808219-04,15.75,6.996,0.0,132.3,71,0.0,1020.0,"{'lat': -25.3056128, 'lon': -57.3311876, 'alt': 0.008, 'yaw': -3.0882997512817383}"
260,2020-07-31 11:03:34.204368-04,15.75,6.997000000000001,0.0,140.2,75,0.0,1020.0,"{'lat': -25.305728, 'lon': -57.3312045, 'alt': 0.006, 'yaw': -3.040027379989624}"
261,2020-07-31 11:03:46.121312-04,15.75,6.997000000000001,0.0,130.3,70,0.0,1020.0,"{'lat': -25.3058545, 'lon': -57.3312422, 'alt': 0.009, 'yaw': -2.909897565841675}"
262,2020-07-31 11:03:58.099379-04,15.75,6.997000000000001,0.0,132.8,71,0.0,1020.0,"{'lat': -25.3059864, 'lon': -57.3312871, 'alt': 0.007, 'yaw': -2.7870333194732666}"
263,2020-07-31 11:04:10.019313-04,15.75,6.994,0.0,129.7,70,0.0,1020.0,"{'lat': -25.3061102, 'lon': -57.3313456, 'alt': -0.001, 'yaw': -2.8449482917785645}"
264,2020-07-31 11:04:21.956502-04,15.75,6.996,0.0,132.3,71,0.0,1020.0,"{'lat': -25.3062284, 'lon': -57.331404, 'alt': -0.003, 'yaw': -2.888868808746338}"
265,2020-07-31 11:04:33.829767-04,15.75,6.997000000000001,0.0,128.7,69,0.0,1020.0,"{'lat': -25.3063651, 'lon': -57.3314427, 'alt': -0.005, 'yaw': -2.7962892055511475}"
266,2020-07-31 11:04:45.741588-04,15.687000000000001,6.996,0.0,139.9,75,0.0,1020.0,"{'lat': -25.3064815, 'lon': -57.3314878, 'alt': 0.032, 'yaw': -2.85794997215271}"
267,2020-07-31 11:04:57.674955-04,15.687000000000001,6.997000000000001,0.0,132.5,71,0.0,1020.0,"{'lat': -25.3065975, 'lon': -57.3315457, 'alt': 0.017, 'yaw': -2.7246663570404053}"
268,2020-07-31 11:05:09.574743-04,15.687000000000001,6.996,0.0,132.8,71,0.0,1020.0,"{'lat': -25.3067158, 'lon': -57.3316039, 'alt': -0.014, 'yaw': -2.798461675643921}"
269,2020-07-31 11:05:21.75648-04,15.687000000000001,6.997999999999999,0.0,133.5,72,0.0,1020.0,"{'lat': -25.3068384, 'lon': -57.331658, 'alt': -0.022, 'yaw': -2.859218120574951}"
270,2020-07-31 11:05:33.394027-04,15.75,6.995,0.0,109.7,59,0.0,1020.0,"{'lat': -25.3069581, 'lon': -57.3316995, 'alt': -0.011, 'yaw': -3.118887186050415}"
271,2020-07-31 11:05:45.31751-04,15.687000000000001,6.997000000000001,0.0,131.8,71,0.0,1020.0,"{'lat': -25.3070759, 'lon': -57.3317234, 'alt': 0.0, 'yaw': -2.9711599349975586}"
272,2020-07-31 11:05:57.302568-04,15.687000000000001,6.996,0.0,132.4,71,0.0,1020.0,"{'lat': -25.3072023, 'lon': -57.331766, 'alt': 0.004, 'yaw': -2.9363582134246826}"
273,2020-07-31 11:06:09.191639-04,15.687000000000001,6.995,0.0,126.0,68,0.0,1020.0,"{'lat': -25.3073341, 'lon': -57.331808, 'alt': 0.005, 'yaw': -2.975433826446533}"
274,2020-07-31 11:06:21.161023-04,15.625,6.997000000000001,0.0,131.7,71,0.0,1020.0,"{'lat': -25.3074544, 'lon': -57.3318465, 'alt': 0.002, 'yaw': -2.9407765865325928}"
275,2020-07-31 11:06:33.034782-04,15.625,6.996,0.0,132.4,71,0.0,1020.0,"{'lat': -25.3075853, 'lon': -57.3318841, 'alt': 0.006, 'yaw': -2.9700634479522705}"
276,2020-07-31 11:06:45.071057-04,15.562000000000001,6.996,0.0,133.4,72,0.0,1020.0,"{'lat': -25.3077136, 'lon': -57.3319214, 'alt': 0.014, 'yaw': -2.9851057529449463}"
277,2020-07-31 11:06:56.878578-04,15.562000000000001,6.996,0.0,125.0,67,0.0,1020.0,"{'lat': -25.3078353, 'lon': -57.3319437, 'alt': 0.004, 'yaw': -2.9630444049835205}"
278,2020-07-31 11:07:08.78857-04,15.5,6.997999999999999,0.0,128.8,69,0.0,1020.0,"{'lat': -25.3079579, 'lon': -57.3319842, 'alt': 0.016, 'yaw': -2.9011619091033936}"
279,2020-07-31 11:07:20.760757-04,15.5,6.996,0.0,131.5,71,0.0,1020.0,"{'lat': -25.3080524, 'lon': -57.3320099, 'alt': -0.027, 'yaw': -2.8127853870391846}"
280,2020-07-31 11:07:32.62256-04,15.5,6.997000000000001,0.0,132.7,71,0.0,1020.0,"{'lat': -25.3081263, 'lon': -57.3320449, 'alt': 0.028, 'yaw': -2.767411708831787}"
281,2020-07-31 11:07:44.561276-04,15.5,6.997000000000001,0.0,139.1,75,0.0,1020.0,"{'lat': -25.3082049, 'lon': -57.3320849, 'alt': -0.01, 'yaw': -2.762742757797241}"
282,2020-07-31 11:07:56.49749-04,15.5,6.997000000000001,0.0,135.2,73,0.0,1020.0,"{'lat': -25.3082761, 'lon': -57.3321266, 'alt': -0.012, 'yaw': -2.742490291595459}"
283,2020-07-31 11:08:08.393771-04,15.5,6.997000000000001,0.0,125.9,67,0.0,1020.0,"{'lat': -25.3083415, 'lon': -57.3321661, 'alt': -0.031, 'yaw': -2.7017574310302734}"
284,2020-07-31 11:08:20.336545-04,15.437000000000001,6.997000000000001,0.0,128.8,69,0.0,1020.0,"{'lat': -25.308415, 'lon': -57.3322101, 'alt': -0.015, 'yaw': -2.6302289962768555}"
285,2020-07-31 11:08:32.267597-04,15.437000000000001,6.997000000000001,0.0,131.3,70,0.0,1020.0,"{'lat': -25.3085037, 'lon': -57.332261, 'alt': 0.028, 'yaw': -2.6185054779052734}"
286,2020-07-31 11:08:56.107071-04,15.437000000000001,6.999,0.0,131.0,70,0.0,1020.0,"{'lat': -25.3086398, 'lon': -57.3323718, 'alt': 0.008, 'yaw': -2.7599518299102783}"
287,2020-07-31 11:09:08.095852-04,15.437000000000001,6.997000000000001,0.0,126.9,68,0.0,1020.0,"{'lat': -25.308701, 'lon': -57.3324231, 'alt': 0.001, 'yaw': -2.6944448947906494}"
288,2020-07-31 11:09:20.053496-04,15.437000000000001,6.997999999999999,0.0,130.4,70,0.0,1020.0,"{'lat': -25.3087874, 'lon': -57.3324758, 'alt': 0.005, 'yaw': -2.623497724533081}"
289,2020-07-31 11:09:31.925577-04,15.437000000000001,6.997999999999999,0.0,128.9,69,0.0,1020.0,"{'lat': -25.3088702, 'lon': -57.3325283, 'alt': 0.0, 'yaw': -2.5033397674560547}"
290,2020-07-31 11:09:43.806971-04,15.375,6.997000000000001,0.0,137.8,74,0.0,1020.0,"{'lat': -25.3089367, 'lon': -57.3325922, 'alt': 0.003, 'yaw': -2.3751094341278076}"
291,2020-07-31 11:09:55.78314-04,15.375,6.997000000000001,0.0,124.1,67,0.0,1020.0,"{'lat': -25.3090084, 'lon': -57.3326558, 'alt': 0.01, 'yaw': -2.355943441390991}"
292,2020-07-31 11:10:07.684-04,15.375,6.997000000000001,0.0,129.2,69,0.0,1020.0,"{'lat': -25.3090613, 'lon': -57.33272, 'alt': 0.015, 'yaw': -2.5816738605499268}"
293,2020-07-31 11:10:20.009675-04,15.437000000000001,6.997000000000001,0.0,131.0,70,0.0,1020.0,"{'lat': -25.309126, 'lon': -57.3327857, 'alt': 0.0, 'yaw': -2.900102376937866}"
294,2020-07-31 11:10:31.530948-04,15.437000000000001,6.997999999999999,0.0,87.58,47,0.0,1020.0,"{'lat': -25.3092289, 'lon': -57.3328405, 'alt': -0.022, 'yaw': -3.0649595260620117}"
295,2020-07-31 11:10:43.440607-04,15.437000000000001,6.997999999999999,0.0,132.6,71,0.0,1020.0,"{'lat': -25.3093436, 'lon': -57.332875, 'alt': 0.028, 'yaw': 3.0954627990722656}"
296,2020-07-31 11:10:55.346737-04,15.437000000000001,6.997999999999999,0.0,129.6,70,0.0,1020.0,"{'lat': -25.3094637, 'lon': -57.332897, 'alt': -0.004, 'yaw': 2.940579652786255}"
297,2020-07-31 11:11:07.316067-04,15.437000000000001,6.997000000000001,0.0,129.6,69,0.0,1020.0,"{'lat': -25.3095967, 'lon': -57.3329076, 'alt': 0.037, 'yaw': 2.9046781063079834}"
298,2020-07-31 11:11:19.183045-04,15.437000000000001,6.997000000000001,0.0,128.7,69,0.0,1020.0,"{'lat': -25.3097172, 'lon': -57.3329063, 'alt': 0.031, 'yaw': 2.78067684173584}"
299,2020-07-31 11:11:31.102692-04,15.375,6.996,0.0,129.5,69,0.0,1020.0,"{'lat': -25.3098468, 'lon': -57.3328922, 'alt': 0.011, 'yaw': 2.7824292182922363}"
300,2020-07-31 11:11:43.030885-04,15.437000000000001,6.995,0.0,125.6,67,0.0,1020.0,"{'lat': -25.3099747, 'lon': -57.3328755, 'alt': 0.008, 'yaw': 2.8693220615386963}"
301,2020-07-31 11:11:54.974741-04,15.437000000000001,6.996,0.0,130.2,70,0.0,1020.0,"{'lat': -25.3101177, 'lon': -57.3328623, 'alt': 0.002, 'yaw': 3.07088041305542}"
302,2020-07-31 11:12:06.906865-04,15.437000000000001,6.997999999999999,0.0,129.9,70,0.0,1020.0,"{'lat': -25.3102573, 'lon': -57.3328497, 'alt': 0.0, 'yaw': 3.007162570953369}"
303,2020-07-31 11:12:19.878006-04,15.437000000000001,6.997999999999999,0.0,127.9,69,0.0,1020.0,"{'lat': -25.3104016, 'lon': -57.3328569, 'alt': -0.018, 'yaw': 2.9669065475463867}"
304,2020-07-31 11:12:30.717439-04,15.437000000000001,6.997000000000001,0.0,137.0,73,0.0,1020.0,"{'lat': -25.3105333, 'lon': -57.3328527, 'alt': -0.005, 'yaw': 3.1289494037628174}"
305,2020-07-31 11:12:42.73906-04,15.437000000000001,6.997000000000001,0.0,112.9,61,0.0,1020.0,"{'lat': -25.310679, 'lon': -57.3328568, 'alt': 0.035, 'yaw': 2.945779323577881}"
306,2020-07-31 11:12:54.580364-04,15.375,6.997999999999999,0.0,129.7,70,0.0,1020.0,"{'lat': -25.3108266, 'lon': -57.3328625, 'alt': -0.02, 'yaw': 3.013370990753174}"
307,2020-07-31 11:13:19.447552-04,15.437000000000001,6.997999999999999,0.0,128.9,69,0.0,1020.0,"{'lat': -25.3111303, 'lon': -57.3328538, 'alt': -0.026, 'yaw': 3.0264506340026855}"
308,2020-07-31 11:46:11.446272-04,17.75,6.999,0.0,149.0,80,0.0,1020.0,"{'lat': -25.3346998, 'lon': -57.3294732, 'alt': -0.026, 'yaw': 2.6358208656311035}"
309,2020-07-31 11:46:23.74353-04,17.812,6.999,0.0,50.31,27,0.0,1020.0,"{'lat': -25.3348452, 'lon': -57.3294056, 'alt': -0.02, 'yaw': 2.6402816772460938}"
310,2020-07-31 11:46:35.692659-04,17.812,6.999,0.0,155.7,84,0.0,1020.0,"{'lat': -25.334967, 'lon': -57.329348, 'alt': -0.018, 'yaw': 2.6640713214874268}"
311,2020-07-31 11:46:47.205711-04,17.875,6.999,0.0,153.4,82,0.0,1020.0,"{'lat': -25.3351049, 'lon': -57.3292858, 'alt': -0.003, 'yaw': 2.647264003753662}"
312,2020-07-31 11:46:59.154427-04,18.0,6.999,0.0,160.9,86,0.0,1020.0,"{'lat': -25.3352429, 'lon': -57.3292263, 'alt': 0.0, 'yaw': 2.6789779663085938}"
313,2020-07-31 11:47:11.063374-04,18.062,6.999,0.0,158.8,85,0.0,1020.0,"{'lat': -25.3353807, 'lon': -57.3291589, 'alt': 0.033, 'yaw': 2.6250226497650146}"
314,2020-07-31 11:47:22.990005-04,18.125,6.997999999999999,0.0,151.4,81,0.0,1020.0,"{'lat': -25.3355083, 'lon': -57.3290977, 'alt': 0.004, 'yaw': 2.6740851402282715}"
315,2020-07-31 11:47:34.916438-04,17.875,6.997999999999999,0.0,151.5,81,0.0,1020.0,"{'lat': -25.3356492, 'lon': -57.3290249, 'alt': -0.01, 'yaw': 2.736332893371582}"
316,2020-07-31 11:47:46.862104-04,17.625,6.997999999999999,0.0,151.0,81,0.0,1020.0,"{'lat': -25.3357867, 'lon': -57.3289624, 'alt': 0.022, 'yaw': 2.8272769451141357}"
317,2020-07-31 11:47:58.763928-04,17.5,7.001,0.0,151.8,81,0.0,1020.0,"{'lat': -25.3359299, 'lon': -57.328901, 'alt': 0.005, 'yaw': 2.8436660766601562}"
318,2020-07-31 11:48:10.671146-04,17.437,7.001,0.0,151.9,82,0.0,1020.0,"{'lat': -25.3360795, 'lon': -57.3288442, 'alt': 0.004, 'yaw': 2.8090968132019043}"
319,2020-07-31 11:48:22.614333-04,17.437,6.997999999999999,0.0,157.0,84,0.0,1020.0,"{'lat': -25.3362033, 'lon': -57.3287981, 'alt': 0.015, 'yaw': 2.7835211753845215}"
320,2020-07-31 11:48:34.520141-04,17.687,6.999,0.0,155.3,83,0.0,1020.0,"{'lat': -25.3363403, 'lon': -57.3287504, 'alt': 0.024, 'yaw': 2.7641923427581787}"
321,2020-07-31 11:48:46.454224-04,17.75,7.0,0.0,150.0,81,0.0,1020.0,"{'lat': -25.3364851, 'lon': -57.328697, 'alt': -0.039, 'yaw': 2.898261070251465}"
322,2020-07-31 11:48:58.364515-04,17.562,6.997999999999999,0.0,151.8,82,0.0,1020.0,"{'lat': -25.336627, 'lon': -57.3286499, 'alt': 0.049, 'yaw': 2.676365375518799}"
323,2020-07-31 11:49:10.292201-04,17.5,6.996,0.0,147.0,79,0.0,1020.0,"{'lat': -25.3367686, 'lon': -57.3285889, 'alt': 0.001, 'yaw': 2.716607093811035}"
324,2020-07-31 11:49:22.224055-04,17.562,6.997000000000001,0.0,149.5,80,0.0,1020.0,"{'lat': -25.336905, 'lon': -57.3285284, 'alt': 0.004, 'yaw': 2.9023282527923584}"
325,2020-07-31 11:49:34.109951-04,17.375,6.997999999999999,0.0,148.9,80,0.0,1020.0,"{'lat': -25.3370401, 'lon': -57.3284774, 'alt': 0.008, 'yaw': 2.8508050441741943}"
326,2020-07-31 11:49:47.640639-04,17.312,6.999,0.0,155.1,83,0.0,1020.0,"{'lat': -25.3372077, 'lon': -57.3284125, 'alt': -0.005, 'yaw': 2.7437024116516113}"
327,2020-07-31 11:49:57.991806-04,17.5,7.001,0.0,155.2,83,0.0,1020.0,"{'lat': -25.3373237, 'lon': -57.3283692, 'alt': -0.004, 'yaw': 2.635415554046631}"
328,2020-07-31 11:50:09.95972-04,17.5,6.999,0.0,157.7,85,0.0,1020.0,"{'lat': -25.3374627, 'lon': -57.3283079, 'alt': 0.025, 'yaw': 2.57204532623291}"
329,2020-07-31 11:50:21.87998-04,17.625,6.999,0.0,145.4,78,0.0,1020.0,"{'lat': -25.337593, 'lon': -57.328238, 'alt': 0.012, 'yaw': 2.6630406379699707}"
330,2020-07-31 11:50:33.778054-04,17.562,6.997999999999999,0.0,147.1,79,0.0,1020.0,"{'lat': -25.3377127, 'lon': -57.3281709, 'alt': -0.004, 'yaw': 3.051326274871826}"
331,2020-07-31 11:50:48.23795-04,17.312,6.999,0.0,147.7,79,0.0,1020.0,"{'lat': -25.3378419, 'lon': -57.3281356, 'alt': -0.006, 'yaw': 2.955766201019287}"
332,2020-07-31 11:50:57.630055-04,17.125,7.0,0.0,154.6,83,0.0,1020.0,"{'lat': -25.3379018, 'lon': -57.3281129, 'alt': -0.049, 'yaw': 2.6741912364959717}"
333,2020-07-31 11:51:09.584053-04,17.312,6.997999999999999,0.0,153.8,83,0.0,1020.0,"{'lat': -25.3380033, 'lon': -57.328085, 'alt': -0.009, 'yaw': 2.5207276344299316}"
334,2020-07-31 11:51:21.495077-04,17.437,6.997999999999999,0.0,152.3,82,0.0,1020.0,"{'lat': -25.3380918, 'lon': -57.3280566, 'alt': 0.032, 'yaw': 2.459097385406494}"
335,2020-07-31 11:51:41.31722-04,17.562,6.999,0.0,155.9,84,0.0,1020.0,"{'lat': -25.3382441, 'lon': -57.3279738, 'alt': -0.013, 'yaw': 2.3476691246032715}"
336,2020-07-31 11:51:45.39218-04,17.625,6.999,0.0,163.6,88,0.0,1020.0,"{'lat': -25.3382683, 'lon': -57.3279541, 'alt': -0.005, 'yaw': 2.3261637687683105}"
337,2020-07-31 11:51:57.239727-04,17.625,6.999,0.0,150.9,81,0.0,1020.0,"{'lat': -25.3383488, 'lon': -57.3279036, 'alt': 0.007, 'yaw': 2.2526094913482666}"
338,2020-07-31 11:52:09.169936-04,17.625,6.997999999999999,0.0,151.7,81,0.0,1020.0,"{'lat': -25.3384254, 'lon': -57.3278465, 'alt': 0.01, 'yaw': 2.180781126022339}"
339,2020-07-31 11:52:21.068418-04,17.562,6.997999999999999,0.0,151.4,81,0.0,1020.0,"{'lat': -25.3384947, 'lon': -57.3278013, 'alt': 0.002, 'yaw': 2.1219117641448975}"
340,2020-07-31 11:52:32.989584-04,17.5,7.001,0.0,150.4,81,0.0,1020.0,"{'lat': -25.3385799, 'lon': -57.3277587, 'alt': 0.021, 'yaw': 2.081554412841797}"
341,2020-07-31 11:52:44.908671-04,17.5,6.999,0.0,151.6,81,0.0,1020.0,"{'lat': -25.3386628, 'lon': -57.3277107, 'alt': 0.028, 'yaw': 2.047426700592041}"
342,2020-07-31 11:52:57.416368-04,17.562,6.999,0.0,155.0,83,0.0,1020.0,"{'lat': -25.3387415, 'lon': -57.3276494, 'alt': -0.016, 'yaw': 2.0168261528015137}"
343,2020-07-31 11:53:10.709399-04,17.562,6.999,0.0,150.5,81,0.0,1020.0,"{'lat': -25.3388354, 'lon': -57.3275793, 'alt': 0.015, 'yaw': 2.027846574783325}"
344,2020-07-31 11:53:20.782943-04,17.625,7.0,0.0,151.8,82,0.0,1020.0,"{'lat': -25.3388966, 'lon': -57.3275334, 'alt': -0.012, 'yaw': 2.0046515464782715}"
345,2020-07-31 11:53:33.309743-04,17.687,7.0,0.0,153.6,82,0.0,1020.0,"{'lat': -25.3389609, 'lon': -57.3274794, 'alt': -0.002, 'yaw': 1.9573893547058105}"
346,2020-07-31 11:53:44.510836-04,17.687,6.997999999999999,0.0,155.1,83,0.0,1020.0,"{'lat': -25.3390202, 'lon': -57.3274202, 'alt': 0.023, 'yaw': 1.9352673292160034}"
347,2020-07-31 11:53:56.436602-04,17.75,7.0,0.0,151.1,81,0.0,1020.0,"{'lat': -25.3390891, 'lon': -57.3273378, 'alt': 0.009, 'yaw': 1.9132102727890015}"
348,2020-07-31 11:54:08.377703-04,17.75,7.0,0.0,152.0,82,0.0,1020.0,"{'lat': -25.3391559, 'lon': -57.3272605, 'alt': 0.038, 'yaw': 1.888892650604248}"
349,2020-07-31 11:54:20.286454-04,17.625,7.0,0.0,150.9,81,0.0,1020.0,"{'lat': -25.3392211, 'lon': -57.3271955, 'alt': 0.031, 'yaw': 1.8658504486083984}"
350,2020-07-31 11:54:32.246053-04,17.5,6.999,0.0,151.2,81,0.0,1020.0,"{'lat': -25.3392823, 'lon': -57.3271233, 'alt': 0.004, 'yaw': 1.8262299299240112}"
351,2020-07-31 11:54:44.124044-04,17.5,7.0,0.0,151.2,81,0.0,1020.0,"{'lat': -25.3393482, 'lon': -57.3270448, 'alt': 0.008, 'yaw': 1.7766664028167725}"
352,2020-07-31 11:54:56.015401-04,17.5,7.0,0.0,151.6,81,0.0,1020.0,"{'lat': -25.3394064, 'lon': -57.3269808, 'alt': 0.007, 'yaw': 1.7137874364852905}"
353,2020-07-31 11:55:08.003341-04,17.5,7.0,0.0,148.7,80,0.0,1020.0,"{'lat': -25.3394724, 'lon': -57.3268968, 'alt': 0.012, 'yaw': 1.6485576629638672}"
354,2020-07-31 11:55:20.000411-04,17.437,6.997000000000001,0.0,151.3,81,0.0,1020.0,"{'lat': -25.3395248, 'lon': -57.3267506, 'alt': 0.006, 'yaw': 1.4185022115707397}"
355,2020-07-31 11:55:31.817317-04,17.437,7.001,0.0,153.1,82,0.0,1020.0,"{'lat': -25.3395695, 'lon': -57.3265856, 'alt': -0.005, 'yaw': 1.7119723558425903}"
356,2020-07-31 11:55:43.753922-04,17.437,7.001,0.0,147.2,79,0.0,1020.0,"{'lat': -25.3396301, 'lon': -57.326436, 'alt': -0.008, 'yaw': 1.7758842706680298}"
357,2020-07-31 11:55:55.631559-04,17.312,7.001,0.0,150.4,81,0.0,1020.0,"{'lat': -25.3397077, 'lon': -57.3262795, 'alt': 0.031, 'yaw': 2.069096088409424}"
358,2020-07-31 11:56:19.45725-04,17.25,7.001,0.0,149.3,80,0.0,1020.0,"{'lat': -25.3398906, 'lon': -57.3259907, 'alt': -0.006, 'yaw': 2.121084690093994}"
359,2020-07-31 11:56:31.424735-04,17.25,7.001,0.0,152.1,82,0.0,1020.0,"{'lat': -25.339999, 'lon': -57.3258533, 'alt': 0.014, 'yaw': 2.1896040439605713}"
360,2020-07-31 11:56:43.359755-04,17.312,6.999,0.0,152.2,82,0.0,1020.0,"{'lat': -25.3401236, 'lon': -57.3257141, 'alt': 0.043, 'yaw': 2.125622272491455}"
361,2020-07-31 11:56:55.235153-04,17.5,7.0,0.0,154.4,83,0.0,1020.0,"{'lat': -25.3402382, 'lon': -57.3255832, 'alt': 0.045, 'yaw': 2.1291463375091553}"
362,2020-07-31 11:57:07.236157-04,17.75,7.0,0.0,159.3,86,0.0,1020.0,"{'lat': -25.3403401, 'lon': -57.3254502, 'alt': 0.004, 'yaw': 2.148895025253296}"
363,2020-07-31 11:57:19.070074-04,17.937,7.0,0.0,154.7,83,0.0,1020.0,"{'lat': -25.3404528, 'lon': -57.325325, 'alt': 0.007, 'yaw': 2.160525321960449}"
364,2020-07-31 11:57:31.026199-04,17.875,7.0,0.0,145.2,78,0.0,1020.0,"{'lat': -25.3405687, 'lon': -57.3251956, 'alt': 0.002, 'yaw': 2.120663642883301}"
365,2020-07-31 11:57:42.945947-04,17.812,7.0,0.0,157.9,85,0.0,1020.0,"{'lat': -25.3406742, 'lon': -57.3250624, 'alt': 0.017, 'yaw': 2.2817111015319824}"
366,2020-07-31 11:57:54.854595-04,17.812,7.0,0.0,153.6,82,0.0,1020.0,"{'lat': -25.3407926, 'lon': -57.324945, 'alt': -0.001, 'yaw': 2.114530563354492}"
367,2020-07-31 11:58:06.752196-04,17.812,7.001,0.0,153.2,82,0.0,1020.0,"{'lat': -25.3409, 'lon': -57.3248147, 'alt': 0.009, 'yaw': 2.192772388458252}"
368,2020-07-31 11:58:18.668824-04,17.75,7.002000000000001,0.0,148.5,80,0.0,1020.0,"{'lat': -25.341021, 'lon': -57.3246881, 'alt': 0.0, 'yaw': 1.9905809164047241}"
369,2020-07-31 11:58:30.632362-04,17.687,7.0,0.0,151.5,81,0.0,1020.0,"{'lat': -25.3411242, 'lon': -57.3245519, 'alt': -0.002, 'yaw': 2.1106648445129395}"
370,2020-07-31 11:58:42.554476-04,17.562,7.0,0.0,149.1,80,0.0,1020.0,"{'lat': -25.3412185, 'lon': -57.3244325, 'alt': -0.037, 'yaw': 2.0240225791931152}"
371,2020-07-31 11:58:54.439211-04,17.562,7.001,0.0,153.1,82,0.0,1020.0,"{'lat': -25.3413231, 'lon': -57.3243027, 'alt': 0.007, 'yaw': 2.0984833240509033}"
372,2020-07-31 11:59:06.363246-04,17.562,6.999,0.0,151.4,81,0.0,1020.0,"{'lat': -25.3414339, 'lon': -57.3241749, 'alt': -0.001, 'yaw': 2.204669713973999}"
373,2020-07-31 11:59:18.302937-04,17.5,6.999,0.0,152.3,82,0.0,1020.0,"{'lat': -25.3415598, 'lon': -57.3240537, 'alt': 0.044, 'yaw': 2.263000965118408}"
374,2020-07-31 11:59:36.580464-04,17.5,7.001,0.0,154.8,83,0.0,1020.0,"{'lat': -25.3417406, 'lon': -57.3238699, 'alt': 0.042, 'yaw': 2.064401626586914}"
375,2020-07-31 12:00:02.192243-04,17.562,6.999,0.0,158.5,85,0.0,1020.0,"{'lat': -25.341992, 'lon': -57.3235961, 'alt': 0.005, 'yaw': 2.1088414192199707}"
376,2020-07-31 12:00:05.989514-04,17.687,7.001,0.0,155.6,84,0.0,1020.0,"{'lat': -25.3420209, 'lon': -57.3235652, 'alt': 0.005, 'yaw': 2.1213295459747314}"
377,2020-07-31 12:00:37.446743-04,17.687,7.001,0.0,153.7,83,0.0,1020.0,"{'lat': -25.3423191, 'lon': -57.3232213, 'alt': 0.001, 'yaw': 2.075557231903076}"
378,2020-07-31 12:00:47.765803-04,17.75,7.001,0.0,162.2,87,0.0,1020.0,"{'lat': -25.3424115, 'lon': -57.3231194, 'alt': 0.006, 'yaw': 2.0794901847839355}"
379,2020-07-31 12:00:53.703027-04,17.687,7.001,0.0,162.9,87,0.0,1020.0,"{'lat': -25.3424652, 'lon': -57.3230567, 'alt': 0.018, 'yaw': 2.0465869903564453}"
380,2020-07-31 12:01:11.933311-04,17.625,7.0,0.0,152.9,82,0.0,1020.0,"{'lat': -25.3426224, 'lon': -57.3228431, 'alt': 0.012, 'yaw': 2.021906852722168}"
381,2020-07-31 12:01:17.530682-04,17.625,6.999,0.0,151.6,81,0.0,1020.0,"{'lat': -25.3426627, 'lon': -57.3227825, 'alt': 0.017, 'yaw': 2.0374789237976074}"
382,2020-07-31 12:01:30.237433-04,17.5,6.997999999999999,0.0,150.5,81,0.0,1020.0,"{'lat': -25.3427805, 'lon': -57.3226515, 'alt': 0.003, 'yaw': 2.060542106628418}"
383,2020-07-31 12:01:41.35905-04,17.5,7.0,0.0,152.3,82,0.0,1020.0,"{'lat': -25.3428826, 'lon': -57.3225314, 'alt': 0.0, 'yaw': 1.9730052947998047}"
384,2020-07-31 12:01:53.281434-04,17.375,7.0,0.0,151.2,81,0.0,1020.0,"{'lat': -25.3429902, 'lon': -57.3224059, 'alt': -0.017, 'yaw': 2.0503878593444824}"
385,2020-07-31 12:02:05.192922-04,17.312,6.999,0.0,151.7,81,0.0,1020.0,"{'lat': -25.3430915, 'lon': -57.3222727, 'alt': -0.001, 'yaw': 1.7686643600463867}"
386,2020-07-31 12:02:17.101212-04,17.375,6.999,0.0,146.7,79,0.0,1020.0,"{'lat': -25.3431594, 'lon': -57.3221759, 'alt': -0.012, 'yaw': 1.182524561882019}"
387,2020-07-31 12:02:29.095805-04,17.375,6.997999999999999,0.0,151.3,81,0.0,1020.0,"{'lat': -25.3431701, 'lon': -57.3220546, 'alt': -0.003, 'yaw': 0.8506327271461487}"
388,2020-07-31 12:02:40.981502-04,17.375,7.001,0.0,0.0,0,0.0,1020.0,"{'lat': -25.343137, 'lon': -57.3219284, 'alt': 0.031, 'yaw': 0.37663891911506653}"
389,2020-07-31 12:02:52.880654-04,17.312,6.997999999999999,0.0,150.1,81,0.0,1020.0,"{'lat': -25.3430521, 'lon': -57.3218461, 'alt': -0.024, 'yaw': 0.04494709521532059}"
390,2020-07-31 12:03:05.192737-04,17.312,6.999,0.0,150.9,81,0.0,1020.0,"{'lat': -25.3429308, 'lon': -57.3217916, 'alt': -0.006, 'yaw': 0.3643229603767395}"
391,2020-07-31 12:03:17.140104-04,17.312,7.0,0.0,151.8,82,0.0,1020.0,"{'lat': -25.3428272, 'lon': -57.3216965, 'alt': -0.039, 'yaw': 0.6369971632957458}"
392,2020-07-31 12:03:28.677496-04,17.25,7.0,0.0,150.2,81,0.0,1020.0,"{'lat': -25.3427378, 'lon': -57.3215828, 'alt': -0.096, 'yaw': 0.8689055442810059}"
393,2020-07-31 12:03:40.558511-04,17.25,6.999,0.0,151.0,81,0.0,1020.0,"{'lat': -25.3426841, 'lon': -57.3214479, 'alt': 0.045, 'yaw': 0.9653074741363525}"
394,2020-07-31 12:03:52.498046-04,17.25,7.0,0.0,149.8,80,0.0,1020.0,"{'lat': -25.3426529, 'lon': -57.3212875, 'alt': -0.005, 'yaw': 1.3700867891311646}"
395,2020-07-31 12:04:04.38499-04,17.25,7.001,0.0,149.8,80,0.0,1020.0,"{'lat': -25.3426887, 'lon': -57.321129, 'alt': 0.003, 'yaw': 1.9043445587158203}"
396,2020-07-31 12:04:16.32623-04,17.25,6.999,0.0,149.1,80,0.0,1020.0,"{'lat': -25.3427693, 'lon': -57.3209905, 'alt': 0.031, 'yaw': 1.9728630781173706}"
397,2020-07-31 12:04:28.235328-04,17.187,6.999,0.0,149.3,80,0.0,1020.0,"{'lat': -25.3428765, 'lon': -57.3208555, 'alt': 0.01, 'yaw': 2.1086864471435547}"
398,2020-07-31 12:04:40.164847-04,17.187,7.002000000000001,0.0,148.8,80,0.0,1020.0,"{'lat': -25.3429914, 'lon': -57.3207296, 'alt': 0.025, 'yaw': 2.0418481826782227}"
399,2020-07-31 12:04:52.10456-04,17.187,6.999,0.0,147.6,79,0.0,1020.0,"{'lat': -25.343089, 'lon': -57.3206205, 'alt': -0.009, 'yaw': 2.0063109397888184}"
400,2020-07-31 12:05:03.977505-04,17.125,7.0,0.0,146.9,79,0.0,1020.0,"{'lat': -25.3431965, 'lon': -57.3204813, 'alt': -0.027, 'yaw': 1.9883699417114258}"
401,2020-07-31 12:05:15.916837-04,17.062,7.0,0.0,148.7,80,0.0,1020.0,"{'lat': -25.3432988, 'lon': -57.3203399, 'alt': -0.012, 'yaw': 2.1077730655670166}"
402,2020-07-31 12:05:28.619692-04,17.062,7.0,0.0,146.9,79,0.0,1020.0,"{'lat': -25.3434126, 'lon': -57.3202149, 'alt': 0.0, 'yaw': 2.0596752166748047}"
403,2020-07-31 12:05:39.757485-04,17.0,7.0,0.0,145.2,78,0.0,1020.0,"{'lat': -25.3435111, 'lon': -57.3200822, 'alt': -0.061, 'yaw': 2.06768798828125}"
404,2020-07-31 12:05:51.677484-04,16.875,7.002000000000001,0.0,144.6,78,0.0,1020.0,"{'lat': -25.3436123, 'lon': -57.3199695, 'alt': 0.004, 'yaw': 2.1105759143829346}"
405,2020-07-31 12:06:03.602001-04,16.812,7.002000000000001,0.0,145.2,78,0.0,1020.0,"{'lat': -25.343718, 'lon': -57.3198506, 'alt': 0.003, 'yaw': 2.0641679763793945}"
406,2020-07-31 12:06:15.500447-04,16.75,7.0,0.0,145.1,78,0.0,1020.0,"{'lat': -25.3438156, 'lon': -57.3197169, 'alt': 0.007, 'yaw': 2.0735297203063965}"
407,2020-07-31 12:06:28.306828-04,16.75,7.001,0.0,145.2,78,0.0,1020.0,"{'lat': -25.3439309, 'lon': -57.3195707, 'alt': 0.0, 'yaw': 2.027008056640625}"
408,2020-07-31 12:06:39.373723-04,16.75,7.002000000000001,0.0,146.0,78,0.0,1020.0,"{'lat': -25.3440299, 'lon': -57.3194438, 'alt': -0.003, 'yaw': 2.040599822998047}"
409,2020-07-31 12:06:51.265419-04,16.75,7.002999999999999,0.0,144.4,77,0.0,1020.0,"{'lat': -25.3441259, 'lon': -57.3193178, 'alt': 0.003, 'yaw': 2.077443838119507}"
410,2020-07-31 12:07:15.525294-04,16.562,7.002000000000001,0.0,143.5,77,0.0,1020.0,"{'lat': -25.3443232, 'lon': -57.3190457, 'alt': -0.008, 'yaw': 2.0701308250427246}"
411,2020-07-31 12:07:27.542776-04,16.5,7.002999999999999,0.0,143.8,77,0.0,1020.0,"{'lat': -25.3444275, 'lon': -57.318913, 'alt': -0.01, 'yaw': 2.050783634185791}"
412,2020-07-31 12:07:38.986075-04,16.5,7.001,0.0,144.0,77,0.0,1020.0,"{'lat': -25.3445238, 'lon': -57.3187946, 'alt': 0.05, 'yaw': 2.0590407848358154}"
413,2020-07-31 12:07:50.892509-04,16.562,6.999,0.0,152.9,82,0.0,1020.0,"{'lat': -25.3446321, 'lon': -57.3186556, 'alt': 0.011, 'yaw': 1.8777216672897339}"
414,2020-07-31 12:08:02.947127-04,16.5,7.001,0.0,67.49,36,0.0,1020.0,"{'lat': -25.3447171, 'lon': -57.3185194, 'alt': 0.004, 'yaw': 1.6006664037704468}"
415,2020-07-31 12:08:14.735901-04,16.437,7.0,0.0,143.8,77,0.0,1020.0,"{'lat': -25.344769, 'lon': -57.3184208, 'alt': 0.008, 'yaw': 1.6914310455322266}"
416,2020-07-31 12:08:26.643457-04,16.437,7.001,0.0,145.4,78,0.0,1020.0,"{'lat': -25.3448251, 'lon': -57.3183484, 'alt': 0.0, 'yaw': 1.7756571769714355}"
417,2020-07-31 12:08:38.576266-04,16.437,7.001,0.0,143.7,77,0.0,1020.0,"{'lat': -25.3448722, 'lon': -57.3183081, 'alt': -0.006, 'yaw': 1.8455654382705688}"
418,2020-07-31 12:08:50.524264-04,16.375,7.0,0.0,144.0,77,0.0,1020.0,"{'lat': -25.3449364, 'lon': -57.318221, 'alt': -0.018, 'yaw': 1.8615928888320923}"
419,2020-07-31 12:09:02.503317-04,16.312,7.001,0.0,72.85,39,0.0,1020.0,"{'lat': -25.3450176, 'lon': -57.3180983, 'alt': -0.014, 'yaw': 1.9493829011917114}"
420,2020-07-31 12:09:14.413095-04,16.375,7.0,0.0,137.5,74,0.0,1020.0,"{'lat': -25.3451079, 'lon': -57.3179511, 'alt': 0.022, 'yaw': 1.9909480810165405}"
421,2020-07-31 12:09:26.351499-04,16.312,7.0,0.0,139.4,75,0.0,1020.0,"{'lat': -25.3452051, 'lon': -57.3178063, 'alt': 0.042, 'yaw': 2.0228960514068604}"
422,2020-07-31 12:09:38.752357-04,16.375,6.999,0.0,146.4,79,0.0,1020.0,"{'lat': -25.3453177, 'lon': -57.3176709, 'alt': 0.029, 'yaw': 2.0934085845947266}"
423,2020-07-31 12:09:50.200858-04,16.375,6.997999999999999,0.0,135.7,73,0.0,1020.0,"{'lat': -25.3454041, 'lon': -57.3175446, 'alt': 0.02, 'yaw': 2.10905385017395}"
424,2020-07-31 12:10:02.105493-04,16.312,6.999,0.0,116.0,62,0.0,1020.0,"{'lat': -25.3455083, 'lon': -57.3174202, 'alt': 0.019, 'yaw': 2.0929348468780518}"
425,2020-07-31 12:10:14.010964-04,16.375,7.0,0.0,125.6,67,0.0,1020.0,"{'lat': -25.3456072, 'lon': -57.3172762, 'alt': 0.041, 'yaw': 2.113015651702881}"
426,2020-07-31 12:10:26.335933-04,16.437,7.0,0.0,148.5,80,0.0,1020.0,"{'lat': -25.3457156, 'lon': -57.3171361, 'alt': -0.02, 'yaw': 2.1350584030151367}"
427,2020-07-31 12:10:38.319194-04,16.437,6.999,0.0,146.8,79,0.0,1020.0,"{'lat': -25.3458188, 'lon': -57.3169995, 'alt': 0.031, 'yaw': 2.187481641769409}"
428,2020-07-31 12:10:50.168304-04,16.437,7.0,0.0,139.4,75,0.0,1020.0,"{'lat': -25.3459422, 'lon': -57.3168796, 'alt': -0.054, 'yaw': 2.116490364074707}"
429,2020-07-31 12:11:01.71065-04,16.437,6.999,0.0,152.5,82,0.0,1020.0,"{'lat': -25.3460486, 'lon': -57.3167532, 'alt': 0.018, 'yaw': 2.08432936668396}"
430,2020-07-31 12:11:13.622157-04,16.437,6.999,0.0,131.6,71,0.0,1020.0,"{'lat': -25.3461512, 'lon': -57.3166164, 'alt': 0.001, 'yaw': 2.062079429626465}"
431,2020-07-31 12:11:25.557889-04,16.5,6.999,0.0,148.0,79,0.0,1020.0,"{'lat': -25.3462412, 'lon': -57.3164713, 'alt': 0.005, 'yaw': 2.0078651905059814}"
432,2020-07-31 12:11:50.799409-04,16.5,6.999,0.0,148.8,80,0.0,1020.0,"{'lat': -25.3464241, 'lon': -57.3161841, 'alt': 0.014, 'yaw': 1.907917857170105}"
433,2020-07-31 12:11:50.954125-04,16.437,6.999,0.0,152.1,82,0.0,1020.0,"{'lat': -25.3464241, 'lon': -57.3161841, 'alt': 0.014, 'yaw': 1.907917857170105}"
434,2020-07-31 12:12:02.848916-04,16.437,7.0,0.0,0.0,0,0.0,1020.0,"{'lat': -25.3465091, 'lon': -57.3160323, 'alt': 0.014, 'yaw': 1.8021416664123535}"
435,2020-07-31 12:12:13.240503-04,16.437,7.0,0.0,157.2,84,0.0,1020.0,"{'lat': -25.3465761, 'lon': -57.3158827, 'alt': -0.002, 'yaw': 1.7528809309005737}"
436,2020-07-31 12:12:25.178552-04,16.437,7.0,0.0,148.3,80,0.0,1020.0,"{'lat': -25.3466437, 'lon': -57.3157473, 'alt': -0.029, 'yaw': 1.9498215913772583}"
437,2020-07-31 12:12:37.065997-04,16.375,6.999,0.0,139.6,75,0.0,1020.0,"{'lat': -25.3467258, 'lon': -57.3156151, 'alt': 0.03, 'yaw': 1.9302622079849243}"
438,2020-07-31 12:13:39.491741-04,16.375,6.999,0.0,151.1,81,0.0,1020.0,"{'lat': -25.3471872, 'lon': -57.3149136, 'alt': 0.044, 'yaw': 1.8011271953582764}"
439,2020-07-31 12:13:39.679829-04,16.375,6.999,0.0,151.2,81,0.0,1020.0,"{'lat': -25.3471872, 'lon': -57.3149136, 'alt': 0.044, 'yaw': 1.8011271953582764}"
440,2020-07-31 12:13:39.679985-04,16.375,6.997000000000001,0.0,151.8,81,0.0,1020.0,"{'lat': -25.3471872, 'lon': -57.3149136, 'alt': 0.044, 'yaw': 1.8011271953582764}"
441,2020-07-31 12:13:39.692002-04,16.375,6.997999999999999,0.0,157.3,84,0.0,1020.0,"{'lat': -25.3471872, 'lon': -57.3149136, 'alt': 0.044, 'yaw': 1.8011271953582764}"
442,2020-07-31 12:13:39.710067-04,16.312,6.997999999999999,0.0,137.3,74,0.0,1020.0,"{'lat': -25.3471937, 'lon': -57.3149002, 'alt': -0.017, 'yaw': 1.7944334745407104}"
443,2020-07-31 12:13:48.607-04,16.312,6.997999999999999,0.0,158.3,85,0.0,1020.0,"{'lat': -25.3472444, 'lon': -57.3147934, 'alt': 0.011, 'yaw': 1.8245593309402466}"
444,2020-07-31 12:14:00.533086-04,16.25,6.997999999999999,0.0,149.8,80,0.0,1020.0,"{'lat': -25.3473258, 'lon': -57.3146419, 'alt': 0.0, 'yaw': 1.8838120698928833}"
445,2020-07-31 12:14:12.423297-04,16.25,6.997000000000001,0.0,149.4,80,0.0,1020.0,"{'lat': -25.3474186, 'lon': -57.3145121, 'alt': 0.004, 'yaw': 2.0183298587799072}"
446,2020-07-31 12:14:25.354957-04,16.25,6.997000000000001,0.0,146.1,78,0.0,1020.0,"{'lat': -25.3475347, 'lon': -57.3143568, 'alt': -0.027, 'yaw': 2.050960063934326}"
447,2020-07-31 12:14:37.918272-04,16.25,6.997999999999999,0.0,103.1,55,0.0,1020.0,"{'lat': -25.3476428, 'lon': -57.3142274, 'alt': 0.0, 'yaw': 2.0583605766296387}"
448,2020-07-31 12:14:48.719793-04,16.25,6.997000000000001,0.0,147.4,79,0.0,1020.0,"{'lat': -25.3477398, 'lon': -57.3141098, 'alt': -0.024, 'yaw': 2.0392186641693115}"
449,2020-07-31 12:15:00.113639-04,16.25,7.0,0.0,125.6,67,0.0,1020.0,"{'lat': -25.3478369, 'lon': -57.3139921, 'alt': 0.032, 'yaw': 2.037523031234741}"
450,2020-07-31 12:15:12.043426-04,16.25,6.997999999999999,0.0,131.6,71,0.0,1020.0,"{'lat': -25.3479444, 'lon': -57.3138596, 'alt': -0.013, 'yaw': 2.007688522338867}"
451,2020-07-31 12:15:23.952062-04,16.25,6.997999999999999,0.0,149.6,80,0.0,1020.0,"{'lat': -25.3480376, 'lon': -57.3137294, 'alt': 0.01, 'yaw': 2.0517425537109375}"
452,2020-07-31 12:15:36.291094-04,16.187,6.997000000000001,0.0,147.4,79,0.0,1020.0,"{'lat': -25.3481369, 'lon': -57.3135974, 'alt': -0.008, 'yaw': 2.0114569664001465}"
453,2020-07-31 12:15:48.341928-04,16.187,6.997999999999999,0.0,151.0,81,0.0,1020.0,"{'lat': -25.3482281, 'lon': -57.3134626, 'alt': 0.013, 'yaw': 2.025465488433838}"
454,2020-07-31 12:15:59.714282-04,16.187,6.997000000000001,0.0,119.0,64,0.0,1020.0,"{'lat': -25.3483281, 'lon': -57.3133331, 'alt': 0.038, 'yaw': 2.030069351196289}"
455,2020-07-31 12:16:12.853195-04,16.25,6.997000000000001,0.0,142.9,77,0.0,1020.0,"{'lat': -25.3484421, 'lon': -57.3131867, 'alt': 0.019, 'yaw': 2.085498094558716}"
456,2020-07-31 12:16:24.738107-04,16.187,6.997999999999999,0.0,124.6,67,0.0,1020.0,"{'lat': -25.3485447, 'lon': -57.313076, 'alt': 0.003, 'yaw': 2.0540695190429688}"
457,2020-07-31 12:17:01.725624-04,16.187,6.997999999999999,0.0,149.7,80,0.0,1020.0,"{'lat': -25.3488919, 'lon': -57.3127092, 'alt': 0.024, 'yaw': 2.0566930770874023}"
458,2020-07-31 12:17:02.027713-04,16.187,6.997000000000001,0.0,152.4,82,0.0,1020.0,"{'lat': -25.3488919, 'lon': -57.3127092, 'alt': 0.024, 'yaw': 2.0566930770874023}"
459,2020-07-31 12:17:02.034699-04,16.25,6.997999999999999,0.0,150.2,81,0.0,1020.0,"{'lat': -25.3488919, 'lon': -57.3127092, 'alt': 0.024, 'yaw': 2.0566930770874023}"
460,2020-07-31 12:17:11.252062-04,16.312,6.999,0.0,157.4,85,0.0,1020.0,"{'lat': -25.3489862, 'lon': -57.3126148, 'alt': -0.02, 'yaw': 2.065108299255371}"
461,2020-07-31 12:17:23.239706-04,16.375,6.997000000000001,0.0,18.32,9,0.0,1020.0,"{'lat': -25.3490927, 'lon': -57.3124927, 'alt': 0.011, 'yaw': 1.9519157409667969}"
462,2020-07-31 12:17:35.110585-04,16.437,6.997000000000001,0.0,145.6,78,0.0,1020.0,"{'lat': -25.349186, 'lon': -57.3123748, 'alt': 0.039, 'yaw': 2.0695347785949707}"
463,2020-07-31 12:17:52.100817-04,16.437,6.997000000000001,0.0,137.4,74,0.0,1020.0,"{'lat': -25.3493331, 'lon': -57.3121952, 'alt': 0.004, 'yaw': 2.0011730194091797}"
464,2020-07-31 12:17:58.928835-04,16.375,6.999,0.0,142.5,76,0.0,1020.0,"{'lat': -25.349393, 'lon': -57.3121202, 'alt': 0.026, 'yaw': 2.053706169128418}"
465,2020-07-31 12:18:10.860548-04,16.375,6.997999999999999,0.0,0.0,0,0.0,1020.0,"{'lat': -25.3494885, 'lon': -57.3119829, 'alt': -0.034, 'yaw': 1.9657278060913086}"
466,2020-07-31 12:19:01.602575-04,16.437,7.0,0.0,137.1,74,0.0,1020.0,"{'lat': -25.3498733, 'lon': -57.311392, 'alt': 0.002, 'yaw': 1.9841777086257935}"
467,2020-07-31 12:19:01.872859-04,16.437,6.997999999999999,0.0,143.4,77,0.0,1020.0,"{'lat': -25.3498812, 'lon': -57.3113806, 'alt': 0.003, 'yaw': 1.9994169473648071}"
468,2020-07-31 12:19:10.442268-04,16.562,6.999,0.0,141.3,76,0.0,1020.0,"{'lat': -25.3499412, 'lon': -57.311291, 'alt': 0.004, 'yaw': 1.9581823348999023}"
469,2020-07-31 12:19:24.61947-04,16.562,6.997999999999999,0.0,142.0,76,0.0,1020.0,"{'lat': -25.3500557, 'lon': -57.3111267, 'alt': -0.004, 'yaw': 1.9653854370117188}"
470,2020-07-31 12:19:34.312596-04,16.5,6.999,0.0,148.0,79,0.0,1020.0,"{'lat': -25.3501311, 'lon': -57.3110094, 'alt': -0.003, 'yaw': 1.9870364665985107}"
471,2020-07-31 12:19:46.81527-04,16.562,6.999,0.0,141.9,76,0.0,1020.0,"{'lat': -25.3502119, 'lon': -57.3108947, 'alt': -0.001, 'yaw': 1.9074591398239136}"
